Tag,Strombedarf
2015-01-01,487403.4
2015-01-02,572749.1
2015-01-03,539152.75
2015-01-04,523416.21
2015-01-05,633632.83
2015-01-06,637608.79
2015-01-07,688276.22
2015-01-08,699186.05
2015-01-09,689564.21
2015-01-10,591059.96
2015-01-11,553375.11
2015-01-12,698641.48
2015-01-13,692229.85
2015-01-14,690656.79
2015-01-15,702465.58
2015-01-16,681687.06
2015-01-17,590561.93
2015-01-18,552394.5
2015-01-19,693186.01
2015-01-20,708972.31
2015-01-21,708483.62
2015-01-22,713621.49
2015-01-23,702185.3
2015-01-24,618489.3
2015-01-25,562146.99
2015-01-26,702545.23
2015-01-27,707539.57
2015-01-28,716943.89
2015-01-29,709467.22
2015-01-30,694476.11
2015-01-31,597730.21
2015-02-01,555615.37
2015-02-02,707665.66
2015-02-03,720279.19
2015-02-04,722678.65
2015-02-05,721437.54
2015-02-06,709786.17
2015-02-07,619955.15
2015-02-08,569262.72
2015-02-09,709145.73
2015-02-10,710873.31
2015-02-11,708615.82
2015-02-12,707951.6
2015-02-13,694302.7
2015-02-14,598852.35
2015-02-15,552091.78
2015-02-16,672012.78
2015-02-17,702545.23
2015-02-18,706303.23
2015-02-19,709205.27
2015-02-20,691925.9
2015-02-21,593533.18
2015-02-22,550495.51
2015-02-23,698446.52
2015-02-24,704182.61
2015-02-25,694723.74
2015-02-26,693829.12
2015-02-27,688101.8
2015-02-28,591967.46
2015-03-01,548675.27
2015-03-02,678826.68
2015-03-03,693951.54
2015-03-04,698661.26
2015-03-05,694289.48
2015-03-06,680115.89
2015-03-07,581241.81
2015-03-08,522327.96
2015-03-09,657815.97
2015-03-10,677986.94
2015-03-11,675728.34
2015-03-12,676122.49
2015-03-13,670500.82
2015-03-14,585424.29
2015-03-15,538100.38
2015-03-16,662826.08
2015-03-17,660422.06
2015-03-18,656173.37
2015-03-19,660748.34
2015-03-20,654644.42
2015-03-21,576344.57
2015-03-22,523758.93
2015-03-23,655240.09
2015-03-24,665297.42
2015-03-25,659030.75
2015-03-26,667868.85
2015-03-27,663338.1
2015-03-28,566450.22
2015-03-29,505011.27
2015-03-30,662440.04
2015-03-31,680147.22
2015-04-01,680037.46
2015-04-02,664345.36
2015-04-03,521759.62
2015-04-04,520003.82
2015-04-05,479428.48
2015-04-06,490486.29
2015-04-07,642884.85
2015-04-08,648056.71
2015-04-09,635712.79
2015-04-10,623662.71
2015-04-11,542135.66
2015-04-12,490704.48
2015-04-13,632279.62
2015-04-14,645164.11
2015-04-15,642832.97
2015-04-16,638018.49
2015-04-17,631190.26
2015-04-18,535271.22
2015-04-19,488216.7
2015-04-20,621690.4
2015-04-21,631658.96
2015-04-22,621711.61
2015-04-23,617581.13
2015-04-24,612179.87
2015-04-25,527714.78
2015-04-26,478127.94
2015-04-27,628177.69
2015-04-28,637810.86
2015-04-29,636737.16
2015-04-30,627492.47
2015-05-01,477946.3
2015-05-02,493794.59
2015-05-03,484899.62
2015-05-04,615790.89
2015-05-05,639162.95
2015-05-06,632164.42
2015-05-07,632671.44
2015-05-08,615304.09
2015-05-09,527682.01
2015-05-10,476975.59
2015-05-11,618463.75
2015-05-12,629723.3
2015-05-13,619180.29
2015-05-14,484338.72
2015-05-15,547244.75
2015-05-16,508794.15
2015-05-17,471665.09
2015-05-18,609483.35
2015-05-19,634854.83
2015-05-20,625034.8
2015-05-21,624402.8
2015-05-22,613369.77
2015-05-23,516427.23
2015-05-24,446158.96
2015-05-25,458818.71
2015-05-26,601518.65
2015-05-27,619730.63
2015-05-28,623124.03
2015-05-29,611988.01
2015-05-30,526480.22
2015-05-31,474993.16
2015-06-01,603080.26
2015-06-02,633685.15
2015-06-03,624859.61
2015-06-04,531783.84
2015-06-05,582354.95
2015-06-06,521828.94
2015-06-07,467716.57
2015-06-08,610313.64
2015-06-09,628249.67
2015-06-10,630239.99
2015-06-11,624299.71
2015-06-12,620593.7
2015-06-13,525929.1
2015-06-14,468894.91
2015-06-15,601833.26
2015-06-16,612857.3
2015-06-17,614695.97
2015-06-18,621471.21
2015-06-19,614860.72
2015-06-20,514693.54
2015-06-21,473996.34
2015-06-22,606406.78
2015-06-23,623845.12
2015-06-24,630131.89
2015-06-25,622197.75
2015-06-26,610720.13
2015-06-27,523094.83
2015-06-28,466244.61
2015-06-29,604773.18
2015-06-30,614328.15
2015-07-01,632570.57
2015-07-02,649481.67
2015-07-03,636781.49
2015-07-04,540418.19
2015-07-05,491555.55
2015-07-06,625318.31
2015-07-07,639111.96
2015-07-08,638138.58
2015-07-09,627072.55
2015-07-10,611796.05
2015-07-11,520160.46
2015-07-12,480946.66
2015-07-13,616162.16
2015-07-14,632020.22
2015-07-15,630751.23
2015-07-16,632269.18
2015-07-17,627068.77
2015-07-18,521445.9
2015-07-19,477843.54
2015-07-20,611172.05
2015-07-21,636401.78
2015-07-22,637790.53
2015-07-23,625324.75
2015-07-24,613270.34
2015-07-25,534714.2
2015-07-26,469328.17
2015-07-27,601001.52
2015-07-28,616939.46
2015-07-29,612551.47
2015-07-30,612181.2
2015-07-31,592905.18
2015-08-01,506601.65
2015-08-02,462216.32
2015-08-03,596084.4
2015-08-04,612644.34
2015-08-05,602994.39
2015-08-06,615581.7
2015-08-07,604020.21
2015-08-08,528403.88
2015-08-09,478892.47
2015-08-10,599482.68
2015-08-11,617544.36
2015-08-12,616481.43
2015-08-13,619332.59
2015-08-14,608945.77
2015-08-15,512493.49
2015-08-16,472770.78
2015-08-17,598593.84
2015-08-18,605731.24
2015-08-19,602542.14
2015-08-20,605977.75
2015-08-21,596539.09
2015-08-22,513859.8
2015-08-23,475178.68
2015-08-24,610718.68
2015-08-25,626147.94
2015-08-26,627435.6
2015-08-27,628735.25
2015-08-28,613452.08
2015-08-29,521930.92
2015-08-30,479751.2
2015-08-31,620297.64
2015-09-01,637770.87
2015-09-02,626563.31
2015-09-03,622234.19
2015-09-04,615052.02
2015-09-05,528271.68
2015-09-06,488412.77
2015-09-07,614373.7
2015-09-08,628478.41
2015-09-09,622829.64
2015-09-10,624148.51
2015-09-11,619209.95
2015-09-12,531585.98
2015-09-13,485809.68
2015-09-14,625490.83
2015-09-15,643130.25
2015-09-16,644333.15
2015-09-17,648093.14
2015-09-18,622453.93
2015-09-19,527164.1
2015-09-20,484784.75
2015-09-21,618000.5
2015-09-22,637934.51
2015-09-23,637463.03
2015-09-24,637196.97
2015-09-25,628091.48
2015-09-26,538979.56
2015-09-27,486629.42
2015-09-28,625332.08
2015-09-29,642576.79
2015-09-30,639531.11
2015-10-01,627236.63
2015-10-02,616381.56
2015-10-03,490553.5
2015-10-04,480503.85
2015-10-05,613760.36
2015-10-06,649765.85
2015-10-07,647380.83
2015-10-08,644983.03
2015-10-09,632511.69
2015-10-10,537757.44
2015-10-11,493927.24
2015-10-12,631263.36
2015-10-13,662382.16
2015-10-14,677096.09
2015-10-15,676047.84
2015-10-16,660793.66
2015-10-17,559713.98
2015-10-18,513569.19
2015-10-19,648876.0
2015-10-20,662526.35
2015-10-21,660529.71
2015-10-22,664685.08
2015-10-23,646739.61
2015-10-24,553585.29
2015-10-25,532169.99
2015-10-26,639312.59
2015-10-27,659290.82
2015-10-28,664761.4
2015-10-29,660568.81
2015-10-30,650955.08
2015-10-31,545550.83
2015-11-01,508278.35
2015-11-02,648545.17
2015-11-03,667425.26
2015-11-04,667420.93
2015-11-05,658024.71
2015-11-06,649917.04
2015-11-07,562639.35
2015-11-08,511284.26
2015-11-09,658001.6
2015-11-10,674594.65
2015-11-11,669909.37
2015-11-12,670851.09
2015-11-13,671388.0
2015-11-14,578231.02
2015-11-15,536904.59
2015-11-16,664150.4
2015-11-17,684562.77
2015-11-18,683110.69
2015-11-19,693749.91
2015-11-20,676440.1
2015-11-21,584288.16
2015-11-22,547242.97
2015-11-23,685911.53
2015-11-24,716840.25
2015-11-25,711499.31
2015-11-26,701819.58
2015-11-27,690889.97
2015-11-28,604189.73
2015-11-29,565227.11
2015-11-30,693508.4
2015-12-01,698995.75
2015-12-02,695349.29
2015-12-03,687081.76
2015-12-04,685831.98
2015-12-05,589872.83
2015-12-06,546019.53
2015-12-07,671726.38
2015-12-08,693207.89
2015-12-09,693841.23
2015-12-10,703561.94
2015-12-11,698889.33
2015-12-12,586453.66
2015-12-13,543938.78
2015-12-14,680225.09
2015-12-15,687033.77
2015-12-16,686455.1
2015-12-17,662876.96
2015-12-18,644868.05
2015-12-19,555581.93
2015-12-20,516465.23
2015-12-21,617041.67
2015-12-22,609337.48
2015-12-23,583792.8
2015-12-24,498143.82
2015-12-25,459945.73
2015-12-26,462855.65
2015-12-27,474393.16
2015-12-28,538263.02
2015-12-29,543562.3
2015-12-30,546904.26
2015-12-31,517500.15
2016-01-01,470899.75
2016-01-02,532088.09
2016-01-03,525255.9
2016-01-04,643188.53
2016-01-05,666772.8
2016-01-06,644339.16
2016-01-07,685591.04
2016-01-08,676942.74
2016-01-09,579252.52
2016-01-10,542627.35
2016-01-11,688674.73
2016-01-12,699836.14
2016-01-13,705852.27
2016-01-14,700313.06
2016-01-15,700864.82
2016-01-16,602525.61
2016-01-17,563514.08
2016-01-18,713400.4
2016-01-19,733095.95
2016-01-20,728817.85
2016-01-21,724725.86
2016-01-22,721181.63
2016-01-23,618068.7
2016-01-24,560030.77
2016-01-25,681573.67
2016-01-26,694458.64
2016-01-27,700251.69
2016-01-28,690791.22
2016-01-29,684381.6
2016-01-30,599481.23
2016-01-31,547615.36
2016-02-01,685806.44
2016-02-02,702070.58
2016-02-03,701441.19
2016-02-04,701307.87
2016-02-05,682177.11
2016-02-06,579724.65
2016-02-07,537230.92
2016-02-08,670559.17
2016-02-09,692050.56
2016-02-10,701854.29
2016-02-11,689703.63
2016-02-12,680455.45
2016-02-13,593927.2
2016-02-14,549250.82
2016-02-15,692659.46
2016-02-16,705460.9
2016-02-17,711643.76
2016-02-18,695310.45
2016-02-19,694911.95
2016-02-20,617188.04
2016-02-21,552597.36
2016-02-22,685451.15
2016-02-23,694182.09
2016-02-24,689964.14
2016-02-25,693041.59
2016-02-26,674844.06
2016-02-27,576878.52
2016-02-28,538557.19
2016-02-29,676664.18
2016-03-01,705042.67
2016-03-02,698317.41
2016-03-03,691267.14
2016-03-04,682067.07
2016-03-05,581534.3
2016-03-06,539037.45
2016-03-07,669228.33
2016-03-08,689775.13
2016-03-09,686577.84
2016-03-10,680977.14
2016-03-11,671014.48
2016-03-12,579418.14
2016-03-13,529244.86
2016-03-14,657264.33
2016-03-15,685044.4
2016-03-16,683552.95
2016-03-17,669517.68
2016-03-18,666586.36
2016-03-19,575878.02
2016-03-20,532390.25
2016-03-21,662713.11
2016-03-22,672392.77
2016-03-23,669137.56
2016-03-24,656674.59
2016-03-25,531793.61
2016-03-26,521989.99
2016-03-27,463165.07
2016-03-28,498615.44
2016-03-29,632656.39
2016-03-30,654539.72
2016-03-31,649899.65
2016-04-01,645297.0
2016-04-02,543648.34
2016-04-03,491711.41
2016-04-04,619369.13
2016-04-05,639974.41
2016-04-06,653354.45
2016-04-07,652309.73
2016-04-08,635846.9
2016-04-09,535827.23
2016-04-10,487722.78
2016-04-11,623305.41
2016-04-12,634652.6
2016-04-13,644163.07
2016-04-14,643254.79
2016-04-15,635411.86
2016-04-16,542891.42
2016-04-17,491552.59
2016-04-18,624542.81
2016-04-19,638608.04
2016-04-20,631696.77
2016-04-21,627629.84
2016-04-22,620340.12
2016-04-23,538028.6
2016-04-24,495282.82
2016-04-25,640097.59
2016-04-26,656571.68
2016-04-27,665739.45
2016-04-28,652716.59
2016-04-29,635496.06
2016-04-30,529901.87
2016-05-01,472944.85
2016-05-02,612227.65
2016-05-03,642860.19
2016-05-04,631968.2
2016-05-05,500847.88
2016-05-06,559494.82
2016-05-07,516978.93
2016-05-08,478455.67
2016-05-09,621830.12
2016-05-10,634412.7
2016-05-11,636490.88
2016-05-12,645612.64
2016-05-13,624369.51
2016-05-14,529255.89
2016-05-15,469950.49
2016-05-16,478680.32
2016-05-17,613841.83
2016-05-18,633167.39
2016-05-19,638379.05
2016-05-20,632292.53
2016-05-21,529015.87
2016-05-22,485866.46
2016-05-23,623093.13
2016-05-24,640701.03
2016-05-25,629598.54
2016-05-26,543342.72
2016-05-27,582989.66
2016-05-28,526043.67
2016-05-29,488272.76
2016-05-30,623900.06
2016-05-31,639073.6
2016-06-01,632913.45
2016-06-02,629787.21
2016-06-03,617211.65
2016-06-04,521761.23
2016-06-05,475924.85
2016-06-06,609099.29
2016-06-07,623181.56
2016-06-08,624838.29
2016-06-09,620597.4
2016-06-10,608529.71
2016-06-11,515605.76
2016-06-12,478355.88
2016-06-13,610698.78
2016-06-14,623408.88
2016-06-15,620506.74
2016-06-16,624093.96
2016-06-17,621201.62
2016-06-18,524554.22
2016-06-19,476836.03
2016-06-20,607704.97
2016-06-21,615545.23
2016-06-22,620515.98
2016-06-23,630275.6
2016-06-24,627834.56
2016-06-25,534537.6
2016-06-26,478213.2
2016-06-27,617907.09
2016-06-28,627619.15
2016-06-29,637237.66
2016-06-30,631783.65
2016-07-01,620220.5
2016-07-02,530742.32
2016-07-03,475000.98
2016-07-04,609739.82
2016-07-05,639842.76
2016-07-06,635951.48
2016-07-07,623561.47
2016-07-08,626516.52
2016-07-09,530097.56
2016-07-10,485722.79
2016-07-11,625378.14
2016-07-12,631673.16
2016-07-13,621643.78
2016-07-14,627885.34
2016-07-15,615751.61
2016-07-16,520691.12
2016-07-17,478157.29
2016-07-18,608014.82
2016-07-19,623468.14
2016-07-20,633881.87
2016-07-21,631922.64
2016-07-22,617461.25
2016-07-23,523521.09
2016-07-24,476656.15
2016-07-25,610858.49
2016-07-26,621813.08
2016-07-27,620060.67
2016-07-28,614355.39
2016-07-29,602199.16
2016-07-30,513560.21
2016-07-31,469512.89
2016-08-01,585600.11
2016-08-02,606685.09
2016-08-03,616002.54
2016-08-04,615554.7
2016-08-05,594334.29
2016-08-06,505178.88
2016-08-07,460522.55
2016-08-08,595701.1
2016-08-09,600950.29
2016-08-10,599670.46
2016-08-11,596894.17
2016-08-12,598865.54
2016-08-13,515385.79
2016-08-14,465471.13
2016-08-15,569632.57
2016-08-16,598353.21
2016-08-17,597698.42
2016-08-18,604642.88
2016-08-19,597904.69
2016-08-20,520395.3
2016-08-21,470026.0
2016-08-22,607161.56
2016-08-23,617608.49
2016-08-24,620735.62
2016-08-25,626651.18
2016-08-26,620117.92
2016-08-27,532424.78
2016-08-28,486282.68
2016-08-29,620677.92
2016-08-30,615586.11
2016-08-31,616689.41
2016-09-01,619881.13
2016-09-02,608198.59
2016-09-03,513689.74
2016-09-04,481819.81
2016-09-05,607997.44
2016-09-06,612878.31
2016-09-07,617214.88
2016-09-08,626570.43
2016-09-09,612875.42
2016-09-10,513814.93
2016-09-11,471956.61
2016-09-12,612305.06
2016-09-13,629451.64
2016-09-14,626893.98
2016-09-15,629022.39
2016-09-16,608291.7
2016-09-17,517478.34
2016-09-18,476336.28
2016-09-19,601719.91
2016-09-20,614094.77
2016-09-21,611817.89
2016-09-22,610678.17
2016-09-23,606250.39
2016-09-24,511467.66
2016-09-25,471585.39
2016-09-26,608554.44
2016-09-27,626775.81
2016-09-28,637754.11
2016-09-29,640803.17
2016-09-30,626082.04
2016-10-01,523607.63
2016-10-02,477247.23
2016-10-03,486226.77
2016-10-04,629679.62
2016-10-05,649397.68
2016-10-06,665664.49
2016-10-07,651631.0
2016-10-08,551507.32
2016-10-09,508352.12
2016-10-10,643485.35
2016-10-11,663164.19
2016-10-12,665697.79
2016-10-13,670594.03
2016-10-14,657368.14
2016-10-15,554195.84
2016-10-16,499112.74
2016-10-17,642939.26
2016-10-18,662351.59
2016-10-19,667024.51
2016-10-20,670732.36
2016-10-21,659529.74
2016-10-22,556179.69
2016-10-23,508802.86
2016-10-24,654810.93
2016-10-25,664555.07
2016-10-26,659806.51
2016-10-27,665265.32
2016-10-28,658931.87
2016-10-29,553233.88
2016-10-30,521017.23
2016-10-31,586250.22
2016-11-01,574057.23
2016-11-02,672011.97
2016-11-03,677458.74
2016-11-04,673831.98
2016-11-05,582658.54
2016-11-06,537407.78
2016-11-07,676377.83
2016-11-08,697675.32
2016-11-09,702222.61
2016-11-10,701117.53
2016-11-11,695164.88
2016-11-12,603254.79
2016-11-13,559266.61
2016-11-14,702242.33
2016-11-15,719768.26
2016-11-16,704341.56
2016-11-17,702969.51
2016-11-18,690535.61
2016-11-19,596410.57
2016-11-20,550644.37
2016-11-21,686049.02
2016-11-22,689940.53
2016-11-23,688402.52
2016-11-24,697464.93
2016-11-25,688248.38
2016-11-26,596730.0
2016-11-27,549478.47
2016-11-28,697420.15
2016-11-29,726127.65
2016-11-30,731300.44
2016-12-01,725325.52
2016-12-02,703385.83
2016-12-03,603395.68
2016-12-04,571446.56
2016-12-05,712219.36
2016-12-06,734396.16
2016-12-07,745496.87
2016-12-08,724957.64
2016-12-09,700834.41
2016-12-10,593775.06
2016-12-11,558852.17
2016-12-12,695932.49
2016-12-13,712133.04
2016-12-14,705474.59
2016-12-15,710320.82
2016-12-16,696202.25
2016-12-17,607175.04
2016-12-18,562456.33
2016-12-19,683391.9
2016-12-20,696096.77
2016-12-21,698431.23
2016-12-22,676031.12
2016-12-23,627444.74
2016-12-24,537192.05
2016-12-25,496096.32
2016-12-26,500041.29
2016-12-27,573886.49
2016-12-28,571592.91
2016-12-29,568805.93
2016-12-30,569049.4
2016-12-31,535389.63
2017-01-01,507958.81
2017-01-02,642383.53
2017-01-03,687698.44
2017-01-04,702265.98
2017-01-05,690648.87
2017-01-06,668694.37
2017-01-07,629890.79
2017-01-08,575154.73
2017-01-09,711873.4
2017-01-10,733383.54
2017-01-11,737829.26
2017-01-12,725446.94
2017-01-13,721872.16
2017-01-14,624744.64
2017-01-15,577990.82
2017-01-16,715886.51
2017-01-17,737698.93
2017-01-18,741621.76
2017-01-19,743754.28
2017-01-20,727600.61
2017-01-21,627003.69
2017-01-22,584017.86
2017-01-23,732637.24
2017-01-24,746530.18
2017-01-25,745978.2
2017-01-26,740380.97
2017-01-27,731477.68
2017-01-28,629257.26
2017-01-29,583230.83
2017-01-30,718742.4
2017-01-31,723240.59
2017-02-01,726071.87
2017-02-02,723090.0
2017-02-03,704378.81
2017-02-04,605949.2
2017-02-05,555928.58
2017-02-06,701504.57
2017-02-07,727912.62
2017-02-08,728957.29
2017-02-09,733090.33
2017-02-10,729223.77
2017-02-11,621828.56
2017-02-12,573570.94
2017-02-13,719262.72
2017-02-14,720759.8
2017-02-15,710205.82
2017-02-16,708527.84
2017-02-17,700238.62
2017-02-18,595727.82
2017-02-19,557710.83
2017-02-20,702120.99
2017-02-21,704479.83
2017-02-22,712546.09
2017-02-23,705138.76
2017-02-24,686698.75
2017-02-25,594430.1
2017-02-26,540311.57
2017-02-27,658573.33
2017-02-28,691251.75
2017-03-01,697880.11
2017-03-02,697237.29
2017-03-03,677657.29
2017-03-04,570301.34
2017-03-05,537320.31
2017-03-06,680133.93
2017-03-07,696196.87
2017-03-08,705816.04
2017-03-09,697419.42
2017-03-10,672906.72
2017-03-11,574425.09
2017-03-12,526335.17
2017-03-13,659901.38
2017-03-14,674614.9
2017-03-15,669086.7
2017-03-16,663313.39
2017-03-17,660696.91
2017-03-18,584116.08
2017-03-19,544934.04
2017-03-20,664803.76
2017-03-21,678044.03
2017-03-22,683987.73
2017-03-23,675100.32
2017-03-24,664210.5
2017-03-25,555337.89
2017-03-26,481800.46
2017-03-27,642866.6
2017-03-28,653052.52
2017-03-29,657193.72
2017-03-30,649174.33
2017-03-31,636523.18
2017-04-01,534776.88
2017-04-02,486379.75
2017-04-03,623575.9
2017-04-04,632910.36
2017-04-05,649563.31
2017-04-06,655761.63
2017-04-07,648386.97
2017-04-08,540554.67
2017-04-09,493163.39
2017-04-10,636897.39
2017-04-11,648444.92
2017-04-12,654179.52
2017-04-13,639399.1
2017-04-14,510634.92
2017-04-15,521584.6
2017-04-16,474189.41
2017-04-17,482489.04
2017-04-18,638018.25
2017-04-19,662038.15
2017-04-20,662031.77
2017-04-21,659322.88
2017-04-22,567618.07
2017-04-23,519740.15
2017-04-24,652100.03
2017-04-25,662584.87
2017-04-26,666434.42
2017-04-27,664831.06
2017-04-28,652873.3
2017-04-29,537103.72
2017-04-30,492482.87
2017-05-01,497625.11
2017-05-02,648814.66
2017-05-03,662981.35
2017-05-04,670535.91
2017-05-05,647775.69
2017-05-06,545173.68
2017-05-07,501526.12
2017-05-08,640295.31
2017-05-09,637931.44
2017-05-10,634895.99
2017-05-11,631822.06
2017-05-12,627896.32
2017-05-13,531194.37
2017-05-14,479225.7
2017-05-15,616998.67
2017-05-16,640091.48
2017-05-17,641690.81
2017-05-18,641953.72
2017-05-19,631202.84
2017-05-20,530154.62
2017-05-21,478831.35
2017-05-22,612237.13
2017-05-23,633576.56
2017-05-24,628094.11
2017-05-25,493673.87
2017-05-26,549928.27
2017-05-27,517535.58
2017-05-28,483164.3
2017-05-29,623791.7
2017-05-30,642061.56
2017-05-31,639707.64
2017-06-01,625879.37
2017-06-02,619214.54
2017-06-03,524666.47
2017-06-04,460914.79
2017-06-05,462544.78
2017-06-06,614187.86
2017-06-07,639675.2
2017-06-08,627439.77
2017-06-09,625495.98
2017-06-10,527194.13
2017-06-11,483173.81
2017-06-12,631651.78
2017-06-13,636955.79
2017-06-14,615311.85
2017-06-15,545640.86
2017-06-16,591034.19
2017-06-17,521508.64
2017-06-18,478438.79
2017-06-19,620432.38
2017-06-20,642973.21
2017-06-21,637576.24
2017-06-22,649273.45
2017-06-23,642612.31
2017-06-24,544689.04
2017-06-25,493179.17
2017-06-26,622688.41
2017-06-27,630605.21
2017-06-28,635834.27
2017-06-29,632254.11
2017-06-30,630442.89
2017-07-01,533632.3
2017-07-02,485510.84
2017-07-03,610267.16
2017-07-04,627828.75
2017-07-05,632067.28
2017-07-06,635551.9
2017-07-07,632176.36
2017-07-08,539401.14
2017-07-09,486121.55
2017-07-10,626054.78
2017-07-11,634408.33
2017-07-12,640509.77
2017-07-13,625520.81
2017-07-14,616301.7
2017-07-15,519165.9
2017-07-16,477095.87
2017-07-17,610149.02
2017-07-18,626660.24
2017-07-19,637175.73
2017-07-20,629287.8
2017-07-21,614077.89
2017-07-22,528301.56
2017-07-23,472598.13
2017-07-24,602793.04
2017-07-25,626181.98
2017-07-26,622810.8
2017-07-27,621766.13
2017-07-28,602343.99
2017-07-29,518186.57
2017-07-30,479775.78
2017-07-31,600105.86
2017-08-01,616924.38
2017-08-02,618031.26
2017-08-03,627801.45
2017-08-04,615130.84
2017-08-05,514021.2
2017-08-06,459355.5
2017-08-07,585001.22
2017-08-08,611460.96
2017-08-09,615119.76
2017-08-10,611337.79
2017-08-11,601404.81
2017-08-12,511109.6
2017-08-13,459981.66
2017-08-14,579272.66
2017-08-15,595231.78
2017-08-16,611255.9
2017-08-17,619626.56
2017-08-18,614470.56
2017-08-19,515037.01
2017-08-20,468320.44
2017-08-21,599963.11
2017-08-22,605379.1
2017-08-23,605721.65
2017-08-24,616809.27
2017-08-25,608836.08
2017-08-26,516955.74
2017-08-27,473778.61
2017-08-28,602826.16
2017-08-29,622922.23
2017-08-30,630829.63
2017-08-31,624535.55
2017-09-01,601193.26
2017-09-02,506451.43
2017-09-03,464461.27
2017-09-04,600199.38
2017-09-05,621105.64
2017-09-06,635787.28
2017-09-07,622590.41
2017-09-08,632404.8
2017-09-09,534470.46
2017-09-10,481043.64
2017-09-11,627563.28
2017-09-12,642972.77
2017-09-13,656690.96
2017-09-14,652803.38
2017-09-15,631375.57
2017-09-16,532556.53
2017-09-17,484145.2
2017-09-18,622301.11
2017-09-19,636110.14
2017-09-20,638534.1
2017-09-21,632722.52
2017-09-22,624307.33
2017-09-23,533751.0
2017-09-24,491665.41
2017-09-25,631873.07
2017-09-26,643670.74
2017-09-27,646785.4
2017-09-28,646053.97
2017-09-29,638533.54
2017-09-30,544916.48
2017-10-01,490418.48
2017-10-02,595084.44
2017-10-03,528297.76
2017-10-04,645058.41
2017-10-05,664346.42
2017-10-06,660628.66
2017-10-07,564880.32
2017-10-08,513620.59
2017-10-09,644892.28
2017-10-10,669014.1
2017-10-11,672102.13
2017-10-12,666457.91
2017-10-13,652977.23
2017-10-14,553954.58
2017-10-15,496620.26
2017-10-16,637570.2
2017-10-17,658571.21
2017-10-18,656132.15
2017-10-19,656073.65
2017-10-20,657595.23
2017-10-21,558921.63
2017-10-22,519984.14
2017-10-23,656998.95
2017-10-24,670734.48
2017-10-25,672044.29
2017-10-26,661229.64
2017-10-27,659261.24
2017-10-28,576840.65
2017-10-29,554699.88
2017-10-30,602406.19
2017-10-31,544262.25
2017-11-01,604298.29
2017-11-02,655083.12
2017-11-03,651203.7
2017-11-04,576053.18
2017-11-05,528187.0
2017-11-06,662596.4
2017-11-07,683755.71
2017-11-08,682088.13
2017-11-09,684145.92
2017-11-10,693167.35
2017-11-11,603791.62
2017-11-12,551849.47
2017-11-13,678427.87
2017-11-14,695364.65
2017-11-15,679941.73
2017-11-16,696858.49
2017-11-17,688317.1
2017-11-18,613454.98
2017-11-19,561811.98
2017-11-20,698380.29
2017-11-21,702993.38
2017-11-22,695006.77
2017-11-23,711196.68
2017-11-24,685898.86
2017-11-25,598531.69
2017-11-26,574615.27
2017-11-27,724379.9
2017-11-28,726594.54
2017-11-29,710857.48
2017-11-30,714321.07
2017-12-01,701892.1
2017-12-02,620406.99
2017-12-03,592754.13
2017-12-04,730513.11
2017-12-05,741429.67
2017-12-06,731746.4
2017-12-07,734182.21
2017-12-08,726327.27
2017-12-09,636684.61
2017-12-10,594369.57
2017-12-11,725079.22
2017-12-12,741859.93
2017-12-13,743160.23
2017-12-14,739080.67
2017-12-15,703974.5
2017-12-16,619630.48
2017-12-17,581222.49
2017-12-18,707079.76
2017-12-19,708878.0
2017-12-20,693465.61
2017-12-21,681356.48
2017-12-22,638619.01
2017-12-23,568712.07
2017-12-24,511511.33
2017-12-25,498877.08
2017-12-26,511403.38
2017-12-27,566921.32
2017-12-28,588506.98
2017-12-29,585634.98
2017-12-30,547854.82
2017-12-31,504128.17
2018-01-01,519581.97
2018-01-02,642276.96
2018-01-03,710938.79
2018-01-04,697580.28
2018-01-05,683514.28
2018-01-06,585096.9
2018-01-07,566161.92
2018-01-08,717878.37
2018-01-09,736445.78
2018-01-10,707204.09
2018-01-11,706917.83
2018-01-12,704406.29
2018-01-13,624839.52
2018-01-14,584522.12
2018-01-15,745653.91
2018-01-16,750267.65
2018-01-17,752853.25
2018-01-18,755315.99
2018-01-19,711251.09
2018-01-20,619626.54
2018-01-21,572655.13
2018-01-22,714768.84
2018-01-23,724693.39
2018-01-24,742830.4
2018-01-25,715316.1
2018-01-26,689449.81
2018-01-27,605570.61
2018-01-28,585289.39
2018-01-29,730593.93
2018-01-30,723433.55
2018-01-31,741204.01
2018-02-01,734485.69
2018-02-02,715880.35
2018-02-03,608821.13
2018-02-04,580594.8
2018-02-05,713218.77
2018-02-06,726602.19
2018-02-07,730243.59
2018-02-08,728264.02
2018-02-09,728375.33
2018-02-10,628621.89
2018-02-11,599507.69
2018-02-12,710200.27
2018-02-13,710522.76
2018-02-14,722925.35
2018-02-15,746199.02
2018-02-16,715745.26
2018-02-17,621382.46
2018-02-18,572849.1
2018-02-19,703658.82
2018-02-20,720975.68
2018-02-21,723728.18
2018-02-22,729274.07
2018-02-23,729037.41
2018-02-24,650367.57
2018-02-25,604291.52
2018-02-26,751219.05
2018-02-27,767472.29
2018-02-28,783378.23
2018-03-01,778721.58
2018-03-02,769154.84
2018-03-03,664288.07
2018-03-04,602516.45
2018-03-05,701580.4
2018-03-06,706857.7
2018-03-07,708507.42
2018-03-08,718051.51
2018-03-09,710300.49
2018-03-10,599849.89
2018-03-11,542823.71
2018-03-12,674583.13
2018-03-13,708590.19
2018-03-14,691562.88
2018-03-15,722566.17
2018-03-16,716520.69
2018-03-17,656996.89
2018-03-18,618966.04
2018-03-19,712743.86
2018-03-20,728044.46
2018-03-21,716345.4
2018-03-22,729951.1
2018-03-23,697391.52
2018-03-24,589856.71
2018-03-25,516510.03
2018-03-26,669995.77
2018-03-27,681614.77
2018-03-28,710870.85
2018-03-29,691116.51
2018-03-30,549966.32
2018-03-31,554432.74
2018-04-01,516214.26
2018-04-02,513113.22
2018-04-03,650389.54
2018-04-04,665879.69
2018-04-05,688385.18
2018-04-06,661987.03
2018-04-07,572045.48
2018-04-08,509565.01
2018-04-09,629635.11
2018-04-10,666418.35
2018-04-11,674786.16
2018-04-12,670216.46
2018-04-13,659390.56
2018-04-14,556343.58
2018-04-15,495005.42
2018-04-16,624492.91
2018-04-17,636590.1
2018-04-18,634717.08
2018-04-19,638335.61
2018-04-20,633781.2
2018-04-21,545277.28
2018-04-22,491536.14
2018-04-23,633437.42
2018-04-24,650932.5
2018-04-25,666795.31
2018-04-26,665292.57
2018-04-27,637964.42
2018-04-28,545543.83
2018-04-29,491392.34
2018-04-30,592682.25
2018-05-01,518796.24
2018-05-02,627088.02
2018-05-03,645532.34
2018-05-04,635367.73
2018-05-05,546194.93
2018-05-06,492201.4
2018-05-07,632911.56
2018-05-08,650131.25
2018-05-09,643571.01
2018-05-10,519103.67
2018-05-11,567548.25
2018-05-12,525593.71
2018-05-13,495772.82
2018-05-14,642720.28
2018-05-15,645456.59
2018-05-16,645942.48
2018-05-17,657370.34
2018-05-18,636749.08
2018-05-19,535822.64
2018-05-20,467297.26
2018-05-21,486620.06
2018-05-22,625536.7
2018-05-23,651264.96
2018-05-24,659108.72
2018-05-25,643110.26
2018-05-26,545810.84
2018-05-27,498450.36
2018-05-28,643624.79
2018-05-29,663357.39
2018-05-30,649241.68
2018-05-31,567028.28
2018-06-01,597153.55
2018-06-02,529870.81
2018-06-03,486480.45
2018-06-04,629339.46
2018-06-05,649765.5
2018-06-06,658525.56
2018-06-07,658391.72
2018-06-08,647107.21
2018-06-09,554185.78
2018-06-10,500238.67
2018-06-11,650757.1
2018-06-12,657062.68
2018-06-13,651725.6
2018-06-14,651556.88
2018-06-15,639183.05
2018-06-16,539988.88
2018-06-17,493689.53
2018-06-18,640050.77
2018-06-19,664408.55
2018-06-20,664841.22
2018-06-21,671680.59
2018-06-22,649755.2
2018-06-23,543078.49
2018-06-24,485512.86
2018-06-25,631459.44
2018-06-26,641442.76
2018-06-27,642523.47
2018-06-28,652403.3
2018-06-29,642783.69
2018-06-30,539767.05
2018-07-01,489639.01
2018-07-02,630291.65
2018-07-03,653475.86
2018-07-04,656723.43
2018-07-05,659585.09
2018-07-06,653078.64
2018-07-07,546673.68
2018-07-08,489479.46
2018-07-09,625991.79
2018-07-10,628359.07
2018-07-11,626047.73
2018-07-12,630931.76
2018-07-13,621106.4
2018-07-14,527947.86
2018-07-15,479903.44
2018-07-16,607670.78
2018-07-17,628911.43
2018-07-18,635487.19
2018-07-19,629987.39
2018-07-20,615100.78
2018-07-21,524436.34
2018-07-22,483753.64
2018-07-23,618729.49
2018-07-24,638003.83
2018-07-25,647988.85
2018-07-26,648378.61
2018-07-27,642498.56
2018-07-28,549929.75
2018-07-29,489862.2
2018-07-30,623182.33
2018-07-31,641907.48
2018-08-01,640935.36
2018-08-02,642629.23
2018-08-03,634096.22
2018-08-04,547652.94
2018-08-05,500930.54
2018-08-06,620504.78
2018-08-07,640609.7
2018-08-08,654418.09
2018-08-09,645640.48
2018-08-10,630041.63
2018-08-11,536881.5
2018-08-12,481323.06
2018-08-13,613260.15
2018-08-14,625450.76
2018-08-15,606841.56
2018-08-16,620460.85
2018-08-17,615997.93
2018-08-18,534233.96
2018-08-19,493084.4
2018-08-20,623228.87
2018-08-21,627510.15
2018-08-22,639330.6
2018-08-23,645441.3
2018-08-24,635567.25
2018-08-25,536222.59
2018-08-26,486878.81
2018-08-27,641463.37
2018-08-28,633568.77
2018-08-29,641780.66
2018-08-30,647193.38
2018-08-31,622948.16
2018-09-01,527179.22
2018-09-02,491181.38
2018-09-03,632056.75
2018-09-04,639973.09
2018-09-05,634900.18
2018-09-06,641400.3
2018-09-07,634699.3
2018-09-08,544238.91
2018-09-09,486978.34
2018-09-10,627854.27
2018-09-11,662900.72
2018-09-12,653652.06
2018-09-13,639446.1
2018-09-14,632148.92
2018-09-15,542135.24
2018-09-16,488522.07
2018-09-17,625085.24
2018-09-18,660555.4
2018-09-19,664624.26
2018-09-20,662330.47
2018-09-21,675519.12
2018-09-22,567495.83
2018-09-23,515243.5
2018-09-24,657845.25
2018-09-25,650453.74
2018-09-26,673555.41
2018-09-27,664187.4
2018-09-28,661352.12
2018-09-29,551426.71
2018-09-30,505459.69
2018-10-01,640430.11
2018-10-02,671939.33
2018-10-03,558606.34
2018-10-04,637692.55
2018-10-05,638876.19
2018-10-06,546075.69
2018-10-07,501934.81
2018-10-08,637811.44
2018-10-09,649176.12
2018-10-10,652276.59
2018-10-11,668324.65
2018-10-12,654094.58
2018-10-13,553304.02
2018-10-14,515936.27
2018-10-15,641669.46
2018-10-16,649358.99
2018-10-17,650198.06
2018-10-18,660038.15
2018-10-19,645953.01
2018-10-20,566131.92
2018-10-21,525134.32
2018-10-22,674510.43
2018-10-23,714295.74
2018-10-24,707208.16
2018-10-25,699105.32
2018-10-26,677178.46
2018-10-27,589165.75
2018-10-28,571758.09
2018-10-29,697312.48
2018-10-30,701940.49
2018-10-31,661146.37
2018-11-01,599656.37
2018-11-02,634716.86
2018-11-03,565272.01
2018-11-04,525755.41
2018-11-05,660270.28
2018-11-06,678551.77
2018-11-07,685451.38
2018-11-08,677191.83
2018-11-09,669465.6
2018-11-10,592346.63
2018-11-11,540476.24
2018-11-12,664499.7
2018-11-13,688362.87
2018-11-14,691611.23
2018-11-15,691453.95
2018-11-16,693646.85
2018-11-17,619444.45
2018-11-18,553358.37
2018-11-19,707569.95
2018-11-20,726053.57
2018-11-21,715922.02
2018-11-22,708995.68
2018-11-23,694693.36
2018-11-24,601656.43
2018-11-25,559811.39
2018-11-26,693746.04
2018-11-27,710363.78
2018-11-28,740315.58
2018-11-29,727933.71
2018-11-30,712325.01
2018-12-01,611510.33
2018-12-02,570753.02
2018-12-03,698108.4
2018-12-04,715001.08
2018-12-05,725204.87
2018-12-06,729123.13
2018-12-07,717696.18
2018-12-08,628627.21
2018-12-09,578462.71
2018-12-10,722261.23
2018-12-11,728823.96
2018-12-12,721759.6
2018-12-13,729239.65
2018-12-14,721427.48
2018-12-15,635944.66
2018-12-16,596097.97
2018-12-17,701379.07
2018-12-18,717990.59
2018-12-19,720935.14
2018-12-20,689736.41
2018-12-21,657142.51
2018-12-22,569853.26
2018-12-23,524819.07
2018-12-24,522456.88
2018-12-25,509674.29
2018-12-26,514917.73
2018-12-27,580915.03
2018-12-28,579091.39
2018-12-29,565225.81
2018-12-30,520194.34
2018-12-31,527075.04
2019-01-01,493339.83
2019-01-02,624362.24
2019-01-03,659352.75
2019-01-04,668601.53
2019-01-05,591653.68
2019-01-06,542766.95
2019-01-07,685874.54
2019-01-08,722014.29
2019-01-09,730987.54
2019-01-10,711922.49
2019-01-11,723554.51
2019-01-12,616789.82
2019-01-13,575719.9
2019-01-14,704477.89
2019-01-15,722649.89
2019-01-16,722726.23
2019-01-17,730663.78
2019-01-18,702231.23
2019-01-19,612637.02
2019-01-20,575514.06
2019-01-21,719860.38
2019-01-22,744404.19
2019-01-23,741929.55
2019-01-24,734947.88
2019-01-25,730387.23
2019-01-26,636212.46
2019-01-27,572889.46
2019-01-28,713450.35
2019-01-29,720968.25
2019-01-30,729508.13
2019-01-31,719248.15
2019-02-01,719361.58
2019-02-02,615282.3
2019-02-03,578206.45
2019-02-04,712133.61
2019-02-05,728203.53
2019-02-06,726162.26
2019-02-07,730622.41
2019-02-08,713425.39
2019-02-09,615455.87
2019-02-10,561767.36
2019-02-11,705372.95
2019-02-12,713608.18
2019-02-13,717233.52
2019-02-14,702748.46
2019-02-15,687775.51
2019-02-16,590816.96
2019-02-17,540282.64
2019-02-18,667461.51
2019-02-19,702871.22
2019-02-20,695327.02
2019-02-21,694223.53
2019-02-22,679527.24
2019-02-23,586459.0
2019-02-24,533187.32
2019-02-25,661439.55
2019-02-26,668039.67
2019-02-27,675275.74
2019-02-28,672880.35
2019-03-01,670797.15
2019-03-02,580588.12
2019-03-03,537429.27
2019-03-04,661786.24
2019-03-05,681977.82
2019-03-06,680357.22
2019-03-07,685462.08
2019-03-08,671518.3
2019-03-09,586007.64
2019-03-10,537493.91
2019-03-11,676380.68
2019-03-12,689492.34
2019-03-13,701042.98
2019-03-14,702089.81
2019-03-15,687786.64
2019-03-16,583018.92
2019-03-17,541186.36
2019-03-18,667349.43
2019-03-19,679304.43
2019-03-20,682228.85
2019-03-21,675924.27
2019-03-22,652268.56
2019-03-23,557014.36
2019-03-24,517475.68
2019-03-25,661155.81
2019-03-26,674662.39
2019-03-27,670655.73
2019-03-28,658878.46
2019-03-29,637001.86
2019-03-30,536733.75
2019-03-31,488662.71
2019-04-01,630166.0
2019-04-02,663426.52
2019-04-03,661259.45
2019-04-04,665276.01
2019-04-05,654619.2
2019-04-06,542753.01
2019-04-07,494368.9
2019-04-08,628402.4
2019-04-09,651539.75
2019-04-10,651340.1
2019-04-11,645941.16
2019-04-12,647751.63
2019-04-13,564154.2
2019-04-14,521810.71
2019-04-15,632394.1
2019-04-16,652213.7
2019-04-17,642708.26
2019-04-18,617891.84
2019-04-19,484838.28
2019-04-20,479115.46
2019-04-21,433824.28
2019-04-22,457107.45
2019-04-23,601259.84
2019-04-24,623277.86
2019-04-25,623376.56
2019-04-26,619175.98
2019-04-27,530952.81
2019-04-28,490968.84
2019-04-29,625672.79
2019-04-30,618017.86
2019-05-01,487871.63
2019-05-02,613954.32
2019-05-03,625277.2
2019-05-04,546165.43
2019-05-05,502322.07
2019-05-06,639258.29
2019-05-07,646866.35
2019-05-08,652170.64
2019-05-09,642128.3
2019-05-10,633091.65
2019-05-11,538523.43
2019-05-12,489968.33
2019-05-13,617938.5
2019-05-14,631635.74
2019-05-15,644408.35
2019-05-16,654545.56
2019-05-17,630773.05
2019-05-18,521024.69
2019-05-19,482500.01
2019-05-20,626668.14
2019-05-21,653600.92
2019-05-22,640922.85
2019-05-23,634613.33
2019-05-24,621047.5
2019-05-25,518982.18
2019-05-26,484895.73
2019-05-27,616790.72
2019-05-28,624831.69
2019-05-29,609747.0
2019-05-30,495909.68
2019-05-31,540778.4
2019-06-01,504603.58
2019-06-02,475235.05
2019-06-03,615607.53
2019-06-04,636473.16
2019-06-05,637909.96
2019-06-06,629300.05
2019-06-07,604986.58
2019-06-08,512518.87
2019-06-09,443657.41
2019-06-10,461940.71
2019-06-11,602527.79
2019-06-12,631065.22
2019-06-13,620737.34
2019-06-14,615161.34
2019-06-15,523746.64
2019-06-16,477655.16
2019-06-17,608181.47
2019-06-18,633748.84
2019-06-19,631794.02
2019-06-20,535239.83
2019-06-21,563195.28
2019-06-22,505223.78
2019-06-23,471390.83
2019-06-24,622525.11
2019-06-25,648647.71
2019-06-26,654891.58
2019-06-27,643513.17
2019-06-28,614019.75
2019-06-29,523895.37
2019-06-30,490567.85
2019-07-01,648243.12
2019-07-02,645958.24
2019-07-03,638652.37
2019-07-04,641878.85
2019-07-05,631846.52
2019-07-06,535421.84
2019-07-07,494711.54
2019-07-08,612019.4
2019-07-09,624190.57
2019-07-10,621513.47
2019-07-11,621431.52
2019-07-12,613961.51
2019-07-13,522059.49
2019-07-14,473455.93
2019-07-15,602231.01
2019-07-16,621394.54
2019-07-17,610975.6
2019-07-18,612716.94
2019-07-19,606869.68
2019-07-20,523687.96
2019-07-21,482253.25
2019-07-22,604084.77
2019-07-23,625005.26
2019-07-24,635479.17
2019-07-25,641067.87
2019-07-26,635884.99
2019-07-27,540451.72
2019-07-28,490094.68
2019-07-29,603660.06
2019-07-30,622696.66
2019-07-31,619462.08
2019-08-01,605009.51
2019-08-02,592836.98
2019-08-03,502318.81
2019-08-04,460516.83
2019-08-05,576739.41
2019-08-06,601574.61
2019-08-07,604881.69
2019-08-08,611855.04
2019-08-09,604351.98
2019-08-10,535039.28
2019-08-11,486021.92
2019-08-12,592706.02
2019-08-13,605462.1
2019-08-14,597048.02
2019-08-15,598121.71
2019-08-16,582375.33
2019-08-17,515814.6
2019-08-18,474002.62
2019-08-19,600176.36
2019-08-20,602684.61
2019-08-21,596928.86
2019-08-22,598668.85
2019-08-23,591414.57
2019-08-24,509359.05
2019-08-25,475218.41
2019-08-26,612568.67
2019-08-27,639179.71
2019-08-28,643209.42
2019-08-29,631485.77
2019-08-30,614348.57
2019-08-31,522587.62
2019-09-01,482025.49
2019-09-02,596800.59
2019-09-03,620027.54
2019-09-04,617584.27
2019-09-05,633819.67
2019-09-06,612351.36
2019-09-07,513255.09
2019-09-08,474183.61
2019-09-09,604956.45
2019-09-10,625373.54
2019-09-11,633824.39
2019-09-12,632999.69
2019-09-13,630018.17
2019-09-14,520733.98
2019-09-15,498990.48
2019-09-16,619894.89
2019-09-17,650288.44
2019-09-18,639632.08
2019-09-19,622274.76
2019-09-20,611179.98
2019-09-21,518005.61
2019-09-22,481587.4
2019-09-23,625419.29
2019-09-24,630782.94
2019-09-25,632427.15
2019-09-26,642274.78
2019-09-27,635171.59
2019-09-28,546462.55
2019-09-29,514453.79
2019-09-30,650043.15
2019-10-01,651806.52
2019-10-02,644080.43
2019-10-03,515340.43
2019-10-04,569624.87
2019-10-05,533586.29
2019-10-06,504863.94
2019-10-07,626198.57
2019-10-08,660460.84
2019-10-09,660874.09
2019-10-10,666970.24
2019-10-11,671707.62
2019-10-12,562077.85
2019-10-13,505028.85
2019-10-14,635408.34
2019-10-15,653001.4
2019-10-16,660971.22
2019-10-17,656271.95
2019-10-18,654194.37
2019-10-19,560537.96
2019-10-20,498870.42
2019-10-21,633530.75
2019-10-22,649177.76
2019-10-23,648931.45
2019-10-24,655111.02
2019-10-25,653974.37
2019-10-26,575281.25
2019-10-27,550981.49
2019-10-28,652523.29
2019-10-29,662743.36
2019-10-30,659634.01
2019-10-31,619794.39
2019-11-01,570221.13
2019-11-02,550426.04
2019-11-03,507659.3
2019-11-04,642475.11
2019-11-05,666331.38
2019-11-06,670770.06
2019-11-07,678557.98
2019-11-08,662412.52
2019-11-09,571489.08
2019-11-10,533805.05
2019-11-11,685915.01
2019-11-12,704355.24
2019-11-13,687942.45
2019-11-14,683397.2
2019-11-15,690907.79
2019-11-16,592188.11
2019-11-17,553193.08
2019-11-18,688972.87
2019-11-19,712275.03
2019-11-20,686000.22
2019-11-21,693007.52
2019-11-22,688880.35
2019-11-23,601085.7
2019-11-24,545605.37
2019-11-25,673026.04
2019-11-26,695075.77
2019-11-27,713769.73
2019-11-28,718399.29
2019-11-29,694582.82
2019-11-30,580222.99
2019-12-01,553123.83
2019-12-02,672708.69
2019-12-03,706778.5
2019-12-04,710702.09
2019-12-05,724827.75
2019-12-06,728686.02
2019-12-07,620187.18
2019-12-08,581222.16
2019-12-09,700591.51
2019-12-10,714788.68
2019-12-11,724727.81
2019-12-12,711604.8
2019-12-13,701933.66
2019-12-14,612299.88
2019-12-15,576443.53
2019-12-16,671714.59
2019-12-17,672009.12
2019-12-18,666785.32
2019-12-19,657668.4
2019-12-20,626060.18
2019-12-21,550950.24
2019-12-22,521438.83
2019-12-23,562137.21
2019-12-24,510961.78
2019-12-25,478514.82
2019-12-26,476741.44
2019-12-27,527189.76
2019-12-28,519307.18
2019-12-29,505527.2
2019-12-30,561229.78
2019-12-31,525184.01
2020-01-01,478494.02
2020-01-02,584372.51
2020-01-03,607310.97
2020-01-04,572003.3
2020-01-05,520831.77
2020-01-06,609018.57
2020-01-07,673709.34
2020-01-08,689621.57
2020-01-09,676847.62
2020-01-10,668214.4
2020-01-11,582817.2
2020-01-12,565471.33
2020-01-13,675488.59
2020-01-14,709056.85
2020-01-15,695871.24
2020-01-16,678115.92
2020-01-17,678221.57
2020-01-18,589471.28
2020-01-19,539460.64
2020-01-20,671017.06
2020-01-21,700152.86
2020-01-22,701015.1
2020-01-23,696854.95
2020-01-24,688766.9
2020-01-25,595811.02
2020-01-26,541474.89
2020-01-27,679116.52
2020-01-28,704127.37
2020-01-29,722427.65
2020-01-30,708725.07
2020-01-31,686963.3
2020-02-01,597935.54
2020-02-02,549518.07
2020-02-03,672210.75
2020-02-04,705588.77
2020-02-05,693422.31
2020-02-06,695792.14
2020-02-07,668692.43
2020-02-08,585383.64
2020-02-09,563342.76
2020-02-10,696856.81
2020-02-11,722102.13
2020-02-12,718271.77
2020-02-13,708489.19
2020-02-14,668511.4
2020-02-15,584785.26
2020-02-16,563410.34
2020-02-17,680269.4
2020-02-18,702269.14
2020-02-19,694450.22
2020-02-20,685131.4
2020-02-21,678525.92
2020-02-22,598402.48
2020-02-23,550946.66
2020-02-24,647715.77
2020-02-25,676589.57
2020-02-26,675942.25
2020-02-27,680637.82
2020-02-28,673428.04
2020-02-29,589070.16
2020-03-01,539494.0
2020-03-02,648839.47
2020-03-03,659826.06
2020-03-04,662971.69
2020-03-05,665942.76
2020-03-06,670593.89
2020-03-07,568004.75
2020-03-08,537660.99
2020-03-09,638754.51
2020-03-10,703543.14
2020-03-11,682663.04
2020-03-12,687761.91
2020-03-13,675473.33
2020-03-14,551587.72
2020-03-15,533988.85
2020-03-16,622445.55
2020-03-17,635188.45
2020-03-18,635127.01
2020-03-19,610154.34
2020-03-20,601001.29
2020-03-21,550686.09
2020-03-22,515751.99
2020-03-23,607784.39
2020-03-24,610859.58
2020-03-25,608310.91
2020-03-26,600802.71
2020-03-27,583029.39
2020-03-28,512890.52
2020-03-29,496297.84
2020-03-30,590970.97
2020-03-31,593393.03
2020-04-01,611035.67
2020-04-02,608138.44
2020-04-03,602061.46
2020-04-04,501383.88
2020-04-05,480946.91
2020-04-06,566017.82
2020-04-07,565007.57
2020-04-08,556608.81
2020-04-09,551586.51
2020-04-10,454285.94
2020-04-11,456639.76
2020-04-12,434302.1
2020-04-13,458248.83
2020-04-14,548817.54
2020-04-15,564672.5
2020-04-16,562957.11
2020-04-17,544063.5
2020-04-18,478922.35
2020-04-19,461155.83
2020-04-20,566143.77
2020-04-21,586139.8
2020-04-22,576584.97
2020-04-23,562096.84
2020-04-24,552631.0
2020-04-25,486026.69
2020-04-26,449962.86
2020-04-27,545172.38
2020-04-28,561821.35
2020-04-29,569294.0
2020-04-30,564941.85
2020-05-01,461609.17
2020-05-02,470424.41
2020-05-03,447069.14
2020-05-04,556642.6
2020-05-05,575233.73
2020-05-06,573741.39
2020-05-07,566343.01
2020-05-08,546197.01
2020-05-09,471108.48
2020-05-10,446440.58
2020-05-11,588007.58
2020-05-12,586133.32
2020-05-13,575873.7
2020-05-14,576235.31
2020-05-15,572326.4
2020-05-16,494806.05
2020-05-17,460944.96
2020-05-18,563141.87
2020-05-19,574418.99
2020-05-20,548436.28
2020-05-21,447475.08
2020-05-22,508183.77
2020-05-23,487048.35
2020-05-24,463200.69
2020-05-25,567782.91
2020-05-26,561702.63
2020-05-27,569238.27
2020-05-28,568538.62
2020-05-29,542082.49
2020-05-30,472463.12
2020-05-31,437870.67
2020-06-01,431798.96
2020-06-02,550517.78
2020-06-03,568251.17
2020-06-04,584713.73
2020-06-05,574704.03
2020-06-06,502668.31
2020-06-07,455201.84
2020-06-08,551989.39
2020-06-09,568021.64
2020-06-10,566374.83
2020-06-11,499574.14
2020-06-12,522854.14
2020-06-13,483243.45
2020-06-14,458919.3
2020-06-15,555031.22
2020-06-16,570403.66
2020-06-17,571425.54
2020-06-18,574363.91
2020-06-19,553137.33
2020-06-20,481482.21
2020-06-21,443120.18
2020-06-22,560452.66
2020-06-23,572661.47
2020-06-24,569336.13
2020-06-25,579022.72
2020-06-26,560614.71
2020-06-27,482439.25
2020-06-28,449503.6
2020-06-29,561238.21
2020-06-30,590361.5
2020-07-01,589681.27
2020-07-02,582054.79
2020-07-03,558880.34
2020-07-04,503242.0
2020-07-05,479010.01
2020-07-06,592299.39
2020-07-07,592041.45
2020-07-08,588989.63
2020-07-09,589028.91
2020-07-10,572922.81
2020-07-11,485865.3
2020-07-12,442082.39
2020-07-13,550478.4
2020-07-14,573501.23
2020-07-15,579844.16
2020-07-16,581543.63
2020-07-17,556501.4
2020-07-18,467247.07
2020-07-19,432633.78
2020-07-20,552446.9
2020-07-21,566808.09
2020-07-22,570423.95
2020-07-23,563432.28
2020-07-24,559476.2
2020-07-25,469556.56
2020-07-26,443994.72
2020-07-27,546858.15
2020-07-28,586227.24
2020-07-29,576846.75
2020-07-30,566648.57
2020-07-31,551475.7
2020-08-01,483830.43
2020-08-02,443728.99
2020-08-03,543152.21
2020-08-04,552860.19
2020-08-05,561919.32
2020-08-06,562204.47
2020-08-07,557098.57
2020-08-08,485589.92
2020-08-09,454504.38
2020-08-10,579085.15
2020-08-11,607063.68
2020-08-12,601026.09
2020-08-13,597895.6
2020-08-14,575700.46
2020-08-15,480847.29
2020-08-16,455062.61
2020-08-17,574453.33
2020-08-18,582608.41
2020-08-19,579763.95
2020-08-20,591466.44
2020-08-21,592668.91
2020-08-22,503050.77
2020-08-23,466223.22
2020-08-24,569280.84
2020-08-25,588981.62
2020-08-26,622771.95
2020-08-27,595534.43
2020-08-28,576030.81
2020-08-29,487347.44
2020-08-30,449314.78
2020-08-31,574162.04
2020-09-01,589192.05
2020-09-02,591800.74
2020-09-03,597245.76
2020-09-04,584360.56
2020-09-05,495721.29
2020-09-06,458843.81
2020-09-07,574796.3
2020-09-08,608759.21
2020-09-09,612716.94
2020-09-10,602668.29
2020-09-11,577087.36
2020-09-12,507034.84
2020-09-13,464262.73
2020-09-14,579649.52
2020-09-15,601468.67
2020-09-16,612581.11
2020-09-17,605772.34
2020-09-18,581019.2
2020-09-19,493911.33
2020-09-20,453907.65
2020-09-21,575268.07
2020-09-22,595420.88
2020-09-23,601118.36
2020-09-24,608019.4
2020-09-25,592420.19
2020-09-26,521323.29
2020-09-27,478315.62
2020-09-28,592840.17
2020-09-29,608843.36
2020-09-30,606660.04
2020-10-01,618988.88
2020-10-02,613592.13
2020-10-03,513750.35
2020-10-04,492730.58
2020-10-05,620067.05
2020-10-06,649953.73
2020-10-07,640675.39
2020-10-08,656419.32
2020-10-09,618282.21
2020-10-10,536719.53
2020-10-11,500383.83
2020-10-12,612439.14
2020-10-13,625499.12
2020-10-14,660826.0
2020-10-15,658103.22
2020-10-16,623129.18
2020-10-17,527092.52
2020-10-18,510956.14
2020-10-19,619318.79
2020-10-20,646448.68
2020-10-21,651996.5
2020-10-22,652669.16
2020-10-23,628484.57
2020-10-24,548154.42
2020-10-25,537854.53
2020-10-26,629243.02
2020-10-27,657248.87
2020-10-28,663083.82
2020-10-29,665495.56
2020-10-30,639997.13
2020-10-31,521585.62
2020-11-01,516582.2
2020-11-02,648474.78
2020-11-03,649118.69
2020-11-04,658137.34
2020-11-05,660340.3
2020-11-06,635629.62
2020-11-07,539954.69
2020-11-08,501340.65
2020-11-09,626264.82
2020-11-10,647410.88
2020-11-11,650338.72
2020-11-12,656722.57
2020-11-13,638121.45
2020-11-14,542078.43
2020-11-15,526760.3
2020-11-16,652792.92
2020-11-17,671501.45
2020-11-18,659598.74
2020-11-19,684051.26
2020-11-20,656828.11
2020-11-21,587428.72
2020-11-22,552095.15
2020-11-23,669083.45
2020-11-24,687559.27
2020-11-25,682385.9
2020-11-26,680934.93
2020-11-27,658113.31
2020-11-28,579682.88
2020-11-29,545727.43
2020-11-30,681726.95
2020-12-01,688406.27
2020-12-02,688375.22
2020-12-03,717869.56
2020-12-04,697147.01
2020-12-05,583706.77
2020-12-06,550949.07
2020-12-07,687970.48
2020-12-08,679686.26
2020-12-09,691281.78
2020-12-10,690859.59
2020-12-11,692758.97
2020-12-12,589086.51
2020-12-13,537258.12
2020-12-14,666039.09
2020-12-15,676492.03
2020-12-16,660978.62
2020-12-17,665973.26
2020-12-18,639782.75
2020-12-19,564796.48
2020-12-20,523844.09
2020-12-21,601050.22
2020-12-22,607918.02
2020-12-23,559347.5
2020-12-24,509605.78
2020-12-25,480545.57
2020-12-26,498764.22
2020-12-27,540498.32
2020-12-28,545234.48
2020-12-29,545580.63
2020-12-30,554304.69
2020-12-31,516287.72
2021-01-01,482311.08
2021-01-02,514271.16
2021-01-03,532074.17
2021-01-04,647955.02
2021-01-05,666291.94
2021-01-06,637760.78
2021-01-07,668595.0
2021-01-08,659917.54
2021-01-09,584146.13
2021-01-10,567361.12
2021-01-11,715481.07
2021-01-12,721770.54
2021-01-13,723971.34
2021-01-14,708385.81
2021-01-15,692818.81
2021-01-16,610832.76
2021-01-17,574725.42
2021-01-18,696915.93
2021-01-19,716344.69
2021-01-20,712762.93
2021-01-21,711887.9
2021-01-22,689849.52
2021-01-23,588886.76
2021-01-24,553050.55
2021-01-25,680014.29
2021-01-26,707739.32
2021-01-27,709095.38
2021-01-28,702405.64
2021-01-29,685432.02
2021-01-30,593778.38
2021-01-31,570212.13
2021-02-01,685535.38
2021-02-02,691776.79
2021-02-03,701208.14
2021-02-04,679895.24
2021-02-05,672971.36
2021-02-06,607344.7
2021-02-07,594132.45
2021-02-08,701635.18
2021-02-09,719265.48
2021-02-10,725031.91
2021-02-11,721396.61
2021-02-12,711309.67
2021-02-13,627393.39
2021-02-14,599826.13
2021-02-15,719838.45
2021-02-16,694673.11
2021-02-17,695359.75
2021-02-18,684636.86
2021-02-19,666658.19
2021-02-20,568855.53
2021-02-21,520658.17
2021-02-22,639858.98
2021-02-23,654661.22
2021-02-24,658037.24
2021-02-25,650742.39
2021-02-26,651001.78
2021-02-27,558721.96
2021-02-28,524998.98
2021-03-01,646375.36
2021-03-02,652796.6
2021-03-03,659873.0
2021-03-04,664183.42
2021-03-05,659667.93
2021-03-06,576604.73
2021-03-07,551076.22
2021-03-08,653130.27
2021-03-09,677159.77
2021-03-10,676433.74
2021-03-11,706432.98
2021-03-12,685656.29
2021-03-13,608108.26
2021-03-14,563978.72
2021-03-15,669812.91
2021-03-16,678643.86
2021-03-17,669389.16
2021-03-18,668211.74
2021-03-19,671085.57
2021-03-20,582012.81
2021-03-21,556594.89
2021-03-22,659713.02
2021-03-23,666718.76
2021-03-24,656866.07
2021-03-25,644756.41
2021-03-26,631540.87
2021-03-27,577824.84
2021-03-28,510176.45
2021-03-29,630984.03
2021-03-30,628734.08
2021-03-31,613083.26
2021-04-01,605673.97
2021-04-02,512923.66
2021-04-03,513521.98
2021-04-04,481994.64
2021-04-05,529854.82
2021-04-06,660803.77
2021-04-07,690718.08
2021-04-08,669609.16
2021-04-09,653937.6
2021-04-10,544723.22
2021-04-11,525803.13
2021-04-12,646678.52
2021-04-13,667259.46
2021-04-14,659188.44
2021-04-15,661482.83
2021-04-16,653876.05
2021-04-17,555047.92
2021-04-18,507079.12
2021-04-19,631355.88
2021-04-20,636857.0
2021-04-21,637355.46
2021-04-22,644035.87
2021-04-23,620258.18
2021-04-24,527343.4
2021-04-25,489892.3
2021-04-26,605443.12
2021-04-27,617958.86
2021-04-28,618732.39
2021-04-29,631516.62
2021-04-30,617853.96
2021-05-01,489087.05
2021-05-02,493762.41
2021-05-03,621886.56
2021-05-04,664195.05
2021-05-05,664473.19
2021-05-06,654315.04
2021-05-07,625905.34
2021-05-08,534033.69
2021-05-09,493869.39
2021-05-10,608663.56
2021-05-11,613996.8
2021-05-12,611083.91
2021-05-13,495433.8
2021-05-14,534869.88
2021-05-15,506396.21
2021-05-16,479670.95
2021-05-17,597654.41
2021-05-18,615687.29
2021-05-19,612037.72
2021-05-20,612947.42
2021-05-21,619560.02
2021-05-22,539000.46
2021-05-23,474812.37
2021-05-24,480807.67
2021-05-25,605760.1
2021-05-26,631415.79
2021-05-27,625254.91
2021-05-28,595248.76
2021-05-29,511529.87
2021-05-30,468445.21
2021-05-31,576965.5
2021-06-01,593221.65
2021-06-02,600787.4
2021-06-03,542187.99
2021-06-04,560791.97
2021-06-05,503195.3
2021-06-06,471511.83
2021-06-07,590474.66
2021-06-08,605776.12
2021-06-09,608838.24
2021-06-10,608784.69
2021-06-11,603393.4
2021-06-12,527251.57
2021-06-13,480527.99
2021-06-14,591218.35
2021-06-15,614030.82
2021-06-16,619626.08
2021-06-17,642483.42
2021-06-18,633750.67
2021-06-19,543627.43
2021-06-20,499740.71
2021-06-21,621283.97
2021-06-22,624675.03
2021-06-23,606177.59
2021-06-24,602784.67
2021-06-25,593347.61
2021-06-26,506887.76
2021-06-27,472342.75
2021-06-28,617293.72
2021-06-29,624220.67
2021-06-30,619674.46
2021-07-01,632691.96
2021-07-02,601857.19
2021-07-03,508707.93
2021-07-04,474216.03
2021-07-05,599270.83
2021-07-06,628296.95
2021-07-07,618034.67
2021-07-08,611148.54
2021-07-09,606257.91
2021-07-10,514900.96
2021-07-11,474756.08
2021-07-12,608339.11
2021-07-13,624795.62
2021-07-14,623079.68
2021-07-15,608866.87
2021-07-16,602519.47
2021-07-17,517346.0
2021-07-18,481651.43
2021-07-19,594243.49
2021-07-20,608011.92
2021-07-21,599435.63
2021-07-22,600193.04
2021-07-23,590819.51
2021-07-24,511731.65
2021-07-25,484099.0
2021-07-26,592817.87
2021-07-27,603587.5
2021-07-28,600146.96
2021-07-29,607812.89
2021-07-30,586077.12
2021-07-31,517697.66
2021-08-01,463868.94
2021-08-02,571135.98
2021-08-03,581259.02
2021-08-04,573478.54
2021-08-05,580966.28
2021-08-06,573058.2
2021-08-07,494011.92
2021-08-08,473912.65
2021-08-09,560836.62
2021-08-10,572339.41
2021-08-11,574712.25
2021-08-12,576390.12
2021-08-13,581501.83
2021-08-14,507013.83
2021-08-15,471970.46
2021-08-16,593972.15
2021-08-17,609751.89
2021-08-18,607446.53
2021-08-19,603332.73
2021-08-20,579366.1
2021-08-21,491582.13
2021-08-22,466890.57
2021-08-23,589003.51
2021-08-24,594879.77
2021-08-25,601317.25
2021-08-26,603203.37
2021-08-27,590333.01
2021-08-28,504741.93
2021-08-29,480817.22
2021-08-30,603344.69
2021-08-31,615084.04
2021-09-01,605791.7
2021-09-02,595957.89
2021-09-03,590792.85
2021-09-04,502090.4
2021-09-05,468503.59
2021-09-06,580338.12
2021-09-07,596967.22
2021-09-08,603381.77
2021-09-09,608259.23
2021-09-10,599097.91
2021-09-11,506863.4
2021-09-12,478427.26
2021-09-13,587275.5
2021-09-14,604731.9
2021-09-15,623247.77
2021-09-16,622776.41
2021-09-17,600866.18
2021-09-18,515138.84
2021-09-19,476691.68
2021-09-20,589098.86
2021-09-21,607805.97
2021-09-22,611787.23
2021-09-23,634412.95
2021-09-24,623672.72
2021-09-25,524096.41
2021-09-26,487674.94
2021-09-27,611540.79
2021-09-28,612975.95
2021-09-29,632068.74
2021-09-30,635526.62
2021-10-01,626193.47
2021-10-02,532267.17
2021-10-03,522807.29
2021-10-04,612331.89
2021-10-05,634536.05
2021-10-06,632981.3
2021-10-07,620910.92
2021-10-08,608122.85
2021-10-09,526858.1
2021-10-10,503184.43
2021-10-11,635014.44
2021-10-12,659297.51
2021-10-13,651448.89
2021-10-14,663741.79
2021-10-15,657608.34
2021-10-16,558690.57
2021-10-17,520933.24
2021-10-18,629879.79
2021-10-19,662058.0
2021-10-20,675391.71
2021-10-21,681797.38
2021-10-22,669650.85
2021-10-23,564356.71
2021-10-24,521249.13
2021-10-25,647377.56
2021-10-26,666207.78
2021-10-27,673115.09
2021-10-28,661160.91
2021-10-29,650445.38
2021-10-30,561810.29
2021-10-31,536745.35
2021-11-01,570755.69
2021-11-02,634856.66
2021-11-03,648494.74
2021-11-04,681727.81
2021-11-05,674877.23
2021-11-06,585516.55
2021-11-07,561187.18
2021-11-08,657563.14
2021-11-09,679579.46
2021-11-10,686010.58
2021-11-11,657877.38
2021-11-12,650118.3
2021-11-13,578530.02
2021-11-14,515310.77
2021-11-15,640800.07
2021-11-16,651906.1
2021-11-17,667061.86
2021-11-18,677904.45
2021-11-19,661024.53
2021-11-20,589830.26
2021-11-21,558412.54
2021-11-22,676335.76
2021-11-23,685496.42
2021-11-24,678683.58
2021-11-25,702400.48
2021-11-26,692107.05
2021-11-27,602285.98
2021-11-28,565391.72
2021-11-29,694629.99
2021-11-30,738157.59
2021-12-01,729039.5
2021-12-02,729756.31
2021-12-03,731638.91
2021-12-04,616064.84
2021-12-05,578004.67
2021-12-06,696668.29
2021-12-07,720477.91
2021-12-08,727175.43
2021-12-09,703837.29
2021-12-10,690016.08
2021-12-11,606192.41
2021-12-12,579708.43
2021-12-13,675272.33
2021-12-14,689428.3
2021-12-15,694118.36
2021-12-16,684477.55
2021-12-17,663466.49
2021-12-18,601737.26
2021-12-19,574176.15
2021-12-20,652531.41
2021-12-21,652770.05
2021-12-22,658445.52
2021-12-23,637582.15
2021-12-24,549800.81
2021-12-25,508859.9
2021-12-26,522151.04
2021-12-27,590206.94
2021-12-28,590066.71
2021-12-29,554557.69
2021-12-30,568377.47
2021-12-31,531064.4
2022-01-01,466628.9
2022-01-02,511673.27
2022-01-03,626162.75
2022-01-04,642825.53
2022-01-05,677657.95
2022-01-06,638455.17
2022-01-07,669311.3
2022-01-08,602276.1
2022-01-09,570414.17
2022-01-10,667828.55
2022-01-11,686189.79
2022-01-12,690871.78
2022-01-13,711872.87
2022-01-14,696847.62
2022-01-15,588589.02
2022-01-16,583897.8
2022-01-17,704763.93
2022-01-18,685501.37
2022-01-19,715570.02
2022-01-20,726170.28
2022-01-21,714805.13
2022-01-22,599403.37
2022-01-23,551279.02
2022-01-24,672105.61
2022-01-25,693722.35
2022-01-26,713155.98
2022-01-27,721118.78
2022-01-28,701547.96
2022-01-29,615635.15
2022-01-30,560218.94
2022-01-31,703962.54
2022-02-01,723585.49
2022-02-02,700148.42
2022-02-03,692037.9
2022-02-04,685541.34
2022-02-05,607308.81
2022-02-06,585464.95
2022-02-07,690661.49
2022-02-08,705803.84
2022-02-09,689840.77
2022-02-10,681398.76
2022-02-11,687656.79
2022-02-12,597904.22
2022-02-13,564146.25
2022-02-14,681880.8
2022-02-15,694841.44
2022-02-16,698808.18
2022-02-17,690948.46
2022-02-18,668447.67
2022-02-19,591940.98
2022-02-20,559403.11
2022-02-21,684962.52
2022-02-22,692383.63
2022-02-23,675857.39
2022-02-24,694019.97
2022-02-25,687306.82
2022-02-26,566438.96
2022-02-27,539688.38
2022-02-28,647536.08
2022-03-01,669690.27
2022-03-02,661529.57
2022-03-03,660188.46
2022-03-04,657298.46
2022-03-05,573999.76
2022-03-06,538532.79
2022-03-07,649750.37
2022-03-08,657425.22
2022-03-09,649692.58
2022-03-10,653229.84
2022-03-11,659515.14
2022-03-12,564680.22
2022-03-13,524406.35
2022-03-14,639044.53
2022-03-15,646704.71
2022-03-16,647162.65
2022-03-17,659560.21
2022-03-18,634048.97
2022-03-19,562875.31
2022-03-20,531605.56
2022-03-21,626860.94
2022-03-22,626740.59
2022-03-23,622447.03
2022-03-24,619164.7
2022-03-25,611395.68
2022-03-26,534870.08
2022-03-27,471896.33
2022-03-28,614247.66
2022-03-29,627567.61
2022-03-30,630817.03
2022-03-31,656499.79
2022-04-01,682953.41
2022-04-02,583010.5
2022-04-03,528477.25
2022-04-04,665321.21
2022-04-05,667835.61
2022-04-06,660334.23
2022-04-07,670385.53
2022-04-08,648992.86
2022-04-09,568839.1
2022-04-10,526440.88
2022-04-11,611278.59
2022-04-12,616774.45
2022-04-13,604233.18
2022-04-14,589388.89
2022-04-15,488721.82
2022-04-16,489452.5
2022-04-17,449956.12
2022-04-18,452953.98
2022-04-19,576590.09
2022-04-20,601646.22
2022-04-21,610714.53
2022-04-22,606869.56
2022-04-23,525534.35
2022-04-24,502251.51
2022-04-25,598831.6
2022-04-26,612554.96
2022-04-27,602342.36
2022-04-28,598850.72
2022-04-29,587594.84
2022-04-30,507066.23
2022-05-01,456695.12
2022-05-02,578062.73
2022-05-03,599633.42
2022-05-04,596289.07
2022-05-05,601102.81
2022-05-06,589792.73
2022-05-07,509428.46
2022-05-08,465085.0
2022-05-09,586616.62
2022-05-10,619166.0
2022-05-11,612904.82
2022-05-12,609413.29
2022-05-13,603951.1
2022-05-14,508137.75
2022-05-15,462980.63
2022-05-16,596627.09
2022-05-17,608374.46
2022-05-18,612722.34
2022-05-19,611646.8
2022-05-20,601371.09
2022-05-21,520883.54
2022-05-22,454833.62
2022-05-23,590426.19
2022-05-24,602756.52
2022-05-25,578719.87
2022-05-26,490362.83
2022-05-27,538920.13
2022-05-28,500151.49
2022-05-29,460255.29
2022-05-30,574582.39
2022-05-31,585014.62
2022-06-01,575845.07
2022-06-02,581866.86
2022-06-03,571370.12
2022-06-04,478441.44
2022-06-05,438776.28
2022-06-06,457477.17
2022-06-07,567169.53
2022-06-08,578146.91
2022-06-09,584069.86
2022-06-10,569212.09
2022-06-11,492367.81
2022-06-12,457972.36
2022-06-13,573538.79
2022-06-14,576750.08
2022-06-15,567691.0
2022-06-16,506154.16
2022-06-17,536277.12
2022-06-18,496847.98
2022-06-19,469232.37
2022-06-20,570085.05
2022-06-21,583045.91
2022-06-22,578712.7
2022-06-23,579190.84
2022-06-24,584124.27
2022-06-25,488890.07
2022-06-26,453970.32
2022-06-27,572963.22
2022-06-28,573554.86
2022-06-29,579635.3
2022-06-30,588706.44
2022-07-01,573757.98
2022-07-02,488024.5
2022-07-03,459304.13
2022-07-04,567520.58
2022-07-05,582424.07
2022-07-06,579463.04
2022-07-07,600072.02
2022-07-08,574752.59
2022-07-09,494009.25
2022-07-10,465684.57
2022-07-11,554002.29
2022-07-12,562591.6
2022-07-13,586111.77
2022-07-14,583035.81
2022-07-15,567650.27
2022-07-16,489710.25
2022-07-17,444512.29
2022-07-18,548018.2
2022-07-19,571526.09
2022-07-20,596824.88
2022-07-21,581880.66
2022-07-22,555678.82
2022-07-23,476781.32
2022-07-24,447338.1
2022-07-25,577636.51
2022-07-26,567855.34
2022-07-27,556366.15
2022-07-28,559133.2
2022-07-29,553514.06
2022-07-30,462764.16
2022-07-31,438325.84
2022-08-01,542006.29
2022-08-02,553055.04
2022-08-03,560554.79
2022-08-04,564480.36
2022-08-05,556015.42
2022-08-06,474955.45
2022-08-07,432135.91
2022-08-08,532041.67
2022-08-09,546456.27
2022-08-10,549069.95
2022-08-11,549396.23
2022-08-12,537666.02
2022-08-13,466829.84
2022-08-14,449291.6
2022-08-15,537053.85
2022-08-16,548435.51
2022-08-17,555710.1
2022-08-18,561157.51
2022-08-19,544281.08
2022-08-20,459834.62
2022-08-21,427941.51
2022-08-22,534735.83
2022-08-23,553138.78
2022-08-24,554599.91
2022-08-25,565101.66
2022-08-26,553449.86
2022-08-27,470583.03
2022-08-28,442116.5
2022-08-29,538277.76
2022-08-30,550981.3
2022-08-31,558958.11
2022-09-01,552172.73
2022-09-02,556338.34
2022-09-03,486987.41
2022-09-04,450815.73
2022-09-05,570202.91
2022-09-06,580304.17
2022-09-07,575334.57
2022-09-08,582936.43
2022-09-09,558637.36
2022-09-10,473645.95
2022-09-11,435765.93
2022-09-12,539832.19
2022-09-13,573990.85
2022-09-14,570446.32
2022-09-15,580511.63
2022-09-16,582537.69
2022-09-17,500748.02
2022-09-18,470290.74
2022-09-19,567697.41
2022-09-20,562768.65
2022-09-21,556548.52
2022-09-22,557146.9
2022-09-23,552028.92
2022-09-24,481599.84
2022-09-25,446299.6
2022-09-26,581859.26
2022-09-27,579202.89
2022-09-28,571341.98
2022-09-29,570731.33
2022-09-30,560601.61
2022-10-01,517018.8
2022-10-02,472715.64
2022-10-03,467216.85
2022-10-04,561038.36
2022-10-05,593449.25
2022-10-06,589889.29
2022-10-07,573735.82
2022-10-08,502092.17
2022-10-09,456855.55
2022-10-10,582308.18
2022-10-11,580482.42
2022-10-12,571395.97
2022-10-13,575393.98
2022-10-14,566063.47
2022-10-15,492353.36
2022-10-16,469519.77
2022-10-17,565563.39
2022-10-18,587864.43
2022-10-19,578726.82
2022-10-20,594450.82
2022-10-21,574200.6
2022-10-22,486810.47
2022-10-23,452817.99
2022-10-24,581674.17
2022-10-25,585062.95
2022-10-26,577894.7
2022-10-27,579540.91
2022-10-28,570604.9
2022-10-29,486592.37
2022-10-30,458119.21
2022-10-31,495397.28
2022-11-01,510766.31
2022-11-02,592211.87
2022-11-03,609607.06
2022-11-04,584412.33
2022-11-05,508137.21
2022-11-06,492132.0
2022-11-07,603331.11
2022-11-08,606651.78
2022-11-09,606666.01
2022-11-10,609962.46
2022-11-11,599617.13
2022-11-12,501948.9
2022-11-13,467860.74
2022-11-14,594662.51
2022-11-15,598491.95
2022-11-16,615901.27
2022-11-17,621953.03
2022-11-18,607593.72
2022-11-19,525415.63
2022-11-20,487625.98
2022-11-21,602515.93
2022-11-22,628967.59
2022-11-23,618190.18
2022-11-24,614199.0
2022-11-25,600769.35
2022-11-26,511437.24
2022-11-27,495360.56
2022-11-28,624511.64
2022-11-29,620409.14
2022-11-30,619665.21
2022-12-01,624222.72
2022-12-02,630644.22
2022-12-03,548424.32
2022-12-04,517333.25
2022-12-05,626667.17
2022-12-06,627670.04
2022-12-07,635168.28
2022-12-08,633133.86
2022-12-09,626823.9
2022-12-10,546794.18
2022-12-11,527787.31
2022-12-12,638647.86
2022-12-13,658403.86
2022-12-14,662839.61
2022-12-15,657705.78
2022-12-16,641540.14
2022-12-17,576417.27
2022-12-18,552345.54
2022-12-19,642451.77
2022-12-20,623249.17
2022-12-21,588583.48
2022-12-22,581321.93
2022-12-23,532733.02
2022-12-24,455903.29
2022-12-25,436018.46
2022-12-26,455310.56
2022-12-27,518761.36
2022-12-28,525713.79
2022-12-29,513260.72
2022-12-30,505900.0
2022-12-31,463751.93
