Tag,Pumpspeicher
2015-01-01,25895.5
2015-01-02,27225.0
2015-01-03,24694.25
2015-01-04,24441.75
2015-01-05,25733.25
2015-01-06,22292.75
2015-01-07,14963.5
2015-01-08,20853.5
2015-01-09,18492.75
2015-01-10,21915.75
2015-01-11,23764.75
2015-01-12,22427.0
2015-01-13,16859.0
2015-01-14,21317.0
2015-01-15,23621.0
2015-01-16,18762.75
2015-01-17,21802.5
2015-01-18,22811.75
2015-01-19,16602.75
2015-01-20,19047.25
2015-01-21,20802.0
2015-01-22,20974.0
2015-01-23,19837.0
2015-01-24,19375.75
2015-01-25,18022.5
2015-01-26,16357.75
2015-01-27,18182.5
2015-01-28,18424.75
2015-01-29,22463.75
2015-01-30,21740.25
2015-01-31,16741.5
2015-02-01,20213.75
2015-02-02,16677.75
2015-02-03,18321.25
2015-02-04,16670.0
2015-02-05,15952.75
2015-02-06,17039.5
2015-02-07,18195.0
2015-02-08,29107.5
2015-02-09,21437.5
2015-02-10,15912.5
2015-02-11,14343.5
2015-02-12,16199.25
2015-02-13,14470.0
2015-02-14,26035.25
2015-02-15,23066.25
2015-02-16,19952.5
2015-02-17,17058.0
2015-02-18,18749.0
2015-02-19,18613.75
2015-02-20,22559.0
2015-02-21,21031.75
2015-02-22,17027.75
2015-02-23,19723.75
2015-02-24,22319.25
2015-02-25,18753.75
2015-02-26,22582.5
2015-02-27,14852.25
2015-02-28,16383.25
2015-03-01,22585.75
2015-03-02,26243.75
2015-03-03,24992.5
2015-03-04,17106.75
2015-03-05,21167.0
2015-03-06,16652.75
2015-03-07,22550.75
2015-03-08,26798.0
2015-03-09,15853.25
2015-03-10,20087.75
2015-03-11,20925.0
2015-03-12,16440.5
2015-03-13,12777.0
2015-03-14,13703.75
2015-03-15,21693.5
2015-03-16,18376.0
2015-03-17,22758.5
2015-03-18,23929.5
2015-03-19,20912.25
2015-03-20,24026.5
2015-03-21,18438.75
2015-03-22,22636.5
2015-03-23,20196.25
2015-03-24,20429.75
2015-03-25,21878.75
2015-03-26,20652.75
2015-03-27,24132.75
2015-03-28,15019.75
2015-03-29,23893.0
2015-03-30,24932.75
2015-03-31,19258.75
2015-04-01,19464.25
2015-04-02,25004.0
2015-04-03,19214.5
2015-04-04,17211.25
2015-04-05,22932.0
2015-04-06,17283.75
2015-04-07,15836.0
2015-04-08,16453.75
2015-04-09,21366.0
2015-04-10,20005.0
2015-04-11,16234.75
2015-04-12,24502.25
2015-04-13,24843.75
2015-04-14,20031.75
2015-04-15,25998.25
2015-04-16,23981.5
2015-04-17,18257.25
2015-04-18,24675.25
2015-04-19,17747.25
2015-04-20,20401.5
2015-04-21,23007.75
2015-04-22,14803.25
2015-04-23,21836.0
2015-04-24,20513.0
2015-04-25,15899.75
2015-04-26,13738.25
2015-04-27,15831.25
2015-04-28,17289.5
2015-04-29,21352.25
2015-04-30,18277.5
2015-05-01,18863.5
2015-05-02,15194.25
2015-05-03,18155.0
2015-05-04,19038.0
2015-05-05,19357.75
2015-05-06,15041.25
2015-05-07,18825.0
2015-05-08,16263.0
2015-05-09,16341.0
2015-05-10,28489.25
2015-05-11,17122.5
2015-05-12,18049.75
2015-05-13,16303.5
2015-05-14,23943.0
2015-05-15,17962.75
2015-05-16,14077.0
2015-05-17,21398.25
2015-05-18,23625.25
2015-05-19,19222.25
2015-05-20,20533.75
2015-05-21,17508.75
2015-05-22,17844.5
2015-05-23,15495.25
2015-05-24,14012.75
2015-05-25,16204.75
2015-05-26,21336.5
2015-05-27,21378.25
2015-05-28,24015.75
2015-05-29,16617.25
2015-05-30,21564.75
2015-05-31,30732.0
2015-06-01,13956.0
2015-06-02,22169.0
2015-06-03,20193.5
2015-06-04,16737.5
2015-06-05,18482.75
2015-06-06,26737.5
2015-06-07,29139.0
2015-06-08,16861.0
2015-06-09,14260.0
2015-06-10,14751.5
2015-06-11,13366.25
2015-06-12,13998.0
2015-06-13,13739.25
2015-06-14,21105.25
2015-06-15,8227.0
2015-06-16,9138.5
2015-06-17,11644.25
2015-06-18,15533.0
2015-06-19,14887.25
2015-06-20,13421.0
2015-06-21,19068.75
2015-06-22,12531.25
2015-06-23,14771.0
2015-06-24,13208.0
2015-06-25,16089.5
2015-06-26,13068.0
2015-06-27,19419.25
2015-06-28,24063.75
2015-06-29,11371.25
2015-06-30,12679.25
2015-07-01,17002.0
2015-07-02,20569.5
2015-07-03,21041.75
2015-07-04,22442.75
2015-07-05,22780.5
2015-07-06,20247.75
2015-07-07,17614.0
2015-07-08,17282.75
2015-07-09,16367.75
2015-07-10,23227.5
2015-07-11,11714.0
2015-07-12,22721.0
2015-07-13,11503.0
2015-07-14,14979.5
2015-07-15,15455.0
2015-07-16,15625.75
2015-07-17,21614.0
2015-07-18,19862.75
2015-07-19,16828.0
2015-07-20,14214.0
2015-07-21,20458.0
2015-07-22,16799.5
2015-07-23,15439.0
2015-07-24,15181.75
2015-07-25,22510.75
2015-07-26,20454.25
2015-07-27,21972.25
2015-07-28,16160.75
2015-07-29,19575.0
2015-07-30,20454.0
2015-07-31,18441.0
2015-08-01,16266.5
2015-08-02,20337.25
2015-08-03,18188.25
2015-08-04,20418.75
2015-08-05,17844.5
2015-08-06,22680.25
2015-08-07,20074.5
2015-08-08,17208.5
2015-08-09,19566.0
2015-08-10,17023.0
2015-08-11,20986.0
2015-08-12,17900.5
2015-08-13,22911.0
2015-08-14,20217.75
2015-08-15,15808.5
2015-08-16,14798.25
2015-08-17,17220.75
2015-08-18,18572.5
2015-08-19,16611.25
2015-08-20,19616.25
2015-08-21,16712.5
2015-08-22,17602.0
2015-08-23,28362.5
2015-08-24,16206.25
2015-08-25,23806.0
2015-08-26,22944.75
2015-08-27,15348.25
2015-08-28,16953.25
2015-08-29,18114.75
2015-08-30,22745.0
2015-08-31,17622.5
2015-09-01,21188.75
2015-09-02,20675.5
2015-09-03,15220.25
2015-09-04,18582.75
2015-09-05,22975.5
2015-09-06,31857.25
2015-09-07,13007.75
2015-09-08,15636.5
2015-09-09,17623.5
2015-09-10,16647.25
2015-09-11,12834.25
2015-09-12,18712.0
2015-09-13,19666.75
2015-09-14,17009.0
2015-09-15,17929.75
2015-09-16,13254.0
2015-09-17,14426.0
2015-09-18,18291.0
2015-09-19,17356.5
2015-09-20,28098.25
2015-09-21,14838.0
2015-09-22,19338.25
2015-09-23,24378.25
2015-09-24,23230.5
2015-09-25,14561.5
2015-09-26,18516.75
2015-09-27,24108.0
2015-09-28,19850.0
2015-09-29,21690.0
2015-09-30,18764.0
2015-10-01,22539.5
2015-10-02,19847.5
2015-10-03,15659.0
2015-10-04,20305.25
2015-10-05,13251.5
2015-10-06,14460.5
2015-10-07,21893.5
2015-10-08,20678.5
2015-10-09,19590.5
2015-10-10,16069.0
2015-10-11,29954.5
2015-10-12,23493.25
2015-10-13,16648.5
2015-10-14,22392.0
2015-10-15,22268.0
2015-10-16,21446.5
2015-10-17,14477.75
2015-10-18,21036.25
2015-10-19,19187.75
2015-10-20,20242.5
2015-10-21,20909.0
2015-10-22,18625.5
2015-10-23,17891.5
2015-10-24,19895.0
2015-10-25,21357.25
2015-10-26,21387.5
2015-10-27,19635.75
2015-10-28,21339.0
2015-10-29,18408.5
2015-10-30,23075.75
2015-10-31,21359.0
2015-11-01,21388.25
2015-11-02,15694.75
2015-11-03,20483.0
2015-11-04,19729.0
2015-11-05,20556.25
2015-11-06,18717.5
2015-11-07,21555.5
2015-11-08,26980.75
2015-11-09,25734.25
2015-11-10,24888.75
2015-11-11,23114.0
2015-11-12,21907.75
2015-11-13,22434.5
2015-11-14,21677.25
2015-11-15,25947.5
2015-11-16,21007.0
2015-11-17,19612.75
2015-11-18,26664.75
2015-11-19,23632.25
2015-11-20,21056.5
2015-11-21,27413.75
2015-11-22,26772.0
2015-11-23,19341.75
2015-11-24,24490.5
2015-11-25,20528.5
2015-11-26,23867.5
2015-11-27,20653.5
2015-11-28,21393.75
2015-11-29,24744.0
2015-11-30,22542.5
2015-12-01,23695.25
2015-12-02,22491.25
2015-12-03,22073.0
2015-12-04,20167.5
2015-12-05,28779.5
2015-12-06,23108.75
2015-12-07,18202.0
2015-12-08,24093.5
2015-12-09,23589.25
2015-12-10,22629.75
2015-12-11,20832.5
2015-12-12,21578.75
2015-12-13,25227.0
2015-12-14,19274.75
2015-12-15,20022.0
2015-12-16,21505.5
2015-12-17,21152.25
2015-12-18,22441.5
2015-12-19,18458.5
2015-12-20,22292.75
2015-12-21,27502.5
2015-12-22,24387.0
2015-12-23,22997.5
2015-12-24,28544.5
2015-12-25,23644.75
2015-12-26,25715.5
2015-12-27,16235.25
2015-12-28,21340.5
2015-12-29,27084.5
2015-12-30,21587.75
2015-12-31,38657.25
2016-01-01,29072.25
2016-01-02,29113.75
2016-01-03,30110.5
2016-01-04,28390.25
2016-01-05,28542.75
2016-01-06,29766.0
2016-01-07,33984.5
2016-01-08,35100.75
2016-01-09,25334.5
2016-01-10,46670.0
2016-01-11,25858.75
2016-01-12,30624.5
2016-01-13,33332.5
2016-01-14,31129.0
2016-01-15,29139.5
2016-01-16,33236.0
2016-01-17,43611.25
2016-01-18,29054.5
2016-01-19,32702.75
2016-01-20,38281.0
2016-01-21,37984.5
2016-01-22,34031.5
2016-01-23,31534.25
2016-01-24,32327.25
2016-01-25,24250.75
2016-01-26,34825.0
2016-01-27,34120.75
2016-01-28,28887.5
2016-01-29,36571.5
2016-01-30,34322.25
2016-01-31,42270.0
2016-02-01,32323.5
2016-02-02,37719.0
2016-02-03,35835.75
2016-02-04,32703.0
2016-02-05,27577.0
2016-02-06,27436.0
2016-02-07,48774.25
2016-02-08,32996.25
2016-02-09,34235.5
2016-02-10,29870.5
2016-02-11,33800.0
2016-02-12,23297.75
2016-02-13,22200.75
2016-02-14,40917.25
2016-02-15,24728.0
2016-02-16,28799.75
2016-02-17,34182.5
2016-02-18,27781.25
2016-02-19,24405.75
2016-02-20,25465.0
2016-02-21,45379.75
2016-02-22,33994.75
2016-02-23,26545.75
2016-02-24,35868.25
2016-02-25,24436.25
2016-02-26,24604.0
2016-02-27,25307.75
2016-02-28,30907.75
2016-02-29,25724.0
2016-03-01,25246.75
2016-03-02,34799.0
2016-03-03,28669.5
2016-03-04,21814.25
2016-03-05,24094.25
2016-03-06,35752.75
2016-03-07,19130.0
2016-03-08,27144.5
2016-03-09,31060.5
2016-03-10,27276.75
2016-03-11,20407.0
2016-03-12,15308.5
2016-03-13,41335.25
2016-03-14,19021.0
2016-03-15,22788.75
2016-03-16,30071.25
2016-03-17,22480.75
2016-03-18,22404.5
2016-03-19,16350.25
2016-03-20,33078.0
2016-03-21,21081.5
2016-03-22,24518.5
2016-03-23,23639.5
2016-03-24,19594.5
2016-03-25,21093.5
2016-03-26,23127.0
2016-03-27,33832.25
2016-03-28,41482.5
2016-03-29,27224.5
2016-03-30,31405.0
2016-03-31,19851.75
2016-04-01,24997.0
2016-04-02,24248.0
2016-04-03,38720.75
2016-04-04,21971.0
2016-04-05,24160.5
2016-04-06,27354.25
2016-04-07,27507.0
2016-04-08,24741.25
2016-04-09,18740.5
2016-04-10,36229.0
2016-04-11,12686.5
2016-04-12,23371.5
2016-04-13,19007.5
2016-04-14,28394.5
2016-04-15,21843.25
2016-04-16,30649.25
2016-04-17,30795.75
2016-04-18,17003.25
2016-04-19,29795.0
2016-04-20,19956.5
2016-04-21,17025.5
2016-04-22,20997.25
2016-04-23,23440.25
2016-04-24,45307.5
2016-04-25,19293.0
2016-04-26,28830.75
2016-04-27,32570.5
2016-04-28,20012.75
2016-04-29,28853.25
2016-04-30,22261.5
2016-05-01,51545.0
2016-05-02,15302.0
2016-05-03,25560.5
2016-05-04,22645.25
2016-05-05,32697.75
2016-05-06,23997.5
2016-05-07,39080.0
2016-05-08,48090.5
2016-05-09,21694.0
2016-05-10,30280.5
2016-05-11,27011.25
2016-05-12,28048.25
2016-05-13,21193.25
2016-05-14,24796.25
2016-05-15,42005.75
2016-05-16,27382.0
2016-05-17,18659.5
2016-05-18,26669.75
2016-05-19,25261.0
2016-05-20,25853.5
2016-05-21,25448.5
2016-05-22,32580.5
2016-05-23,23325.25
2016-05-24,24565.0
2016-05-25,20451.25
2016-05-26,22276.25
2016-05-27,24898.75
2016-05-28,22833.0
2016-05-29,30564.75
2016-05-30,28285.0
2016-05-31,21154.75
2016-06-01,23104.5
2016-06-02,27519.5
2016-06-03,25454.0
2016-06-04,19161.5
2016-06-05,30834.0
2016-06-06,17128.5
2016-06-07,22861.75
2016-06-08,21304.0
2016-06-09,20827.0
2016-06-10,20423.25
2016-06-11,17376.75
2016-06-12,35756.25
2016-06-13,21196.25
2016-06-14,24823.75
2016-06-15,25538.25
2016-06-16,22705.5
2016-06-17,29392.0
2016-06-18,23465.5
2016-06-19,39508.0
2016-06-20,27323.5
2016-06-21,22963.25
2016-06-22,27005.5
2016-06-23,32806.75
2016-06-24,24159.75
2016-06-25,20213.25
2016-06-26,42582.75
2016-06-27,25687.5
2016-06-28,20107.0
2016-06-29,29503.75
2016-06-30,26743.0
2016-07-01,30520.5
2016-07-02,21121.25
2016-07-03,43512.75
2016-07-04,21510.0
2016-07-05,24243.75
2016-07-06,35402.5
2016-07-07,25062.25
2016-07-08,20445.75
2016-07-09,28434.0
2016-07-10,41724.5
2016-07-11,27658.75
2016-07-12,22572.75
2016-07-13,17883.25
2016-07-14,23367.75
2016-07-15,22656.0
2016-07-16,21557.25
2016-07-17,33520.5
2016-07-18,15812.5
2016-07-19,18648.0
2016-07-20,24135.0
2016-07-21,22760.0
2016-07-22,19411.0
2016-07-23,14115.0
2016-07-24,31734.75
2016-07-25,14109.25
2016-07-26,18643.5
2016-07-27,21720.0
2016-07-28,19651.75
2016-07-29,19210.5
2016-07-30,22788.5
2016-07-31,24857.75
2016-08-01,18425.75
2016-08-02,18753.5
2016-08-03,19772.75
2016-08-04,20947.75
2016-08-05,26032.5
2016-08-06,21258.75
2016-08-07,42282.25
2016-08-08,22763.75
2016-08-09,20494.0
2016-08-10,26174.75
2016-08-11,27768.5
2016-08-12,20336.75
2016-08-13,29842.0
2016-08-14,37712.75
2016-08-15,17483.5
2016-08-16,18084.5
2016-08-17,21918.0
2016-08-18,23525.5
2016-08-19,24333.25
2016-08-20,21381.5
2016-08-21,48827.25
2016-08-22,23587.25
2016-08-23,19666.25
2016-08-24,28590.0
2016-08-25,26997.75
2016-08-26,23306.25
2016-08-27,21309.0
2016-08-28,32362.75
2016-08-29,25954.75
2016-08-30,23392.0
2016-08-31,24457.25
2016-09-01,25643.25
2016-09-02,19105.5
2016-09-03,25460.25
2016-09-04,32874.75
2016-09-05,18316.5
2016-09-06,26869.25
2016-09-07,25198.5
2016-09-08,27471.0
2016-09-09,25531.5
2016-09-10,22349.5
2016-09-11,37942.5
2016-09-12,18485.0
2016-09-13,28889.75
2016-09-14,27713.25
2016-09-15,22673.75
2016-09-16,23798.75
2016-09-17,20920.75
2016-09-18,37832.0
2016-09-19,19057.5
2016-09-20,22083.75
2016-09-21,24269.0
2016-09-22,18812.75
2016-09-23,21128.75
2016-09-24,26149.25
2016-09-25,40464.0
2016-09-26,21761.5
2016-09-27,27786.25
2016-09-28,28928.75
2016-09-29,34854.5
2016-09-30,21601.0
2016-10-01,27049.25
2016-10-02,30287.25
2016-10-03,24018.75
2016-10-04,24960.5
2016-10-05,24951.25
2016-10-06,29268.25
2016-10-07,24379.75
2016-10-08,22879.5
2016-10-09,30930.75
2016-10-10,31212.0
2016-10-11,36507.5
2016-10-12,25840.25
2016-10-13,32316.5
2016-10-14,36560.75
2016-10-15,40914.5
2016-10-16,36172.25
2016-10-17,27404.25
2016-10-18,39556.25
2016-10-19,39114.0
2016-10-20,27130.25
2016-10-21,25853.25
2016-10-22,22706.5
2016-10-23,32455.25
2016-10-24,25423.25
2016-10-25,35546.25
2016-10-26,36617.75
2016-10-27,34038.0
2016-10-28,30114.25
2016-10-29,35325.5
2016-10-30,35667.0
2016-10-31,22931.0
2016-11-01,27538.25
2016-11-02,36225.25
2016-11-03,30710.25
2016-11-04,35279.5
2016-11-05,30553.75
2016-11-06,46174.75
2016-11-07,28030.25
2016-11-08,36952.5
2016-11-09,36275.5
2016-11-10,37604.75
2016-11-11,28428.5
2016-11-12,23656.25
2016-11-13,47902.0
2016-11-14,28256.75
2016-11-15,27125.75
2016-11-16,30122.25
2016-11-17,36240.75
2016-11-18,34480.25
2016-11-19,32484.25
2016-11-20,57418.75
2016-11-21,23493.75
2016-11-22,39402.0
2016-11-23,30965.75
2016-11-24,38968.75
2016-11-25,28602.25
2016-11-26,25484.5
2016-11-27,46313.75
2016-11-28,28513.0
2016-11-29,29192.25
2016-11-30,36316.5
2016-12-01,39077.5
2016-12-02,31790.0
2016-12-03,32579.25
2016-12-04,31661.5
2016-12-05,35146.25
2016-12-06,36658.75
2016-12-07,31874.25
2016-12-08,33126.5
2016-12-09,27785.25
2016-12-10,34991.5
2016-12-11,50341.0
2016-12-12,24951.0
2016-12-13,38535.75
2016-12-14,36001.5
2016-12-15,35281.0
2016-12-16,34147.75
2016-12-17,25957.25
2016-12-18,33628.0
2016-12-19,30043.0
2016-12-20,36357.5
2016-12-21,33746.75
2016-12-22,35290.0
2016-12-23,30939.25
2016-12-24,36693.5
2016-12-25,49338.75
2016-12-26,41758.25
2016-12-27,38193.75
2016-12-28,35410.0
2016-12-29,31325.0
2016-12-30,28070.75
2016-12-31,23746.5
2017-01-01,27446.25
2017-01-02,23749.75
2017-01-03,19494.5
2017-01-04,21427.25
2017-01-05,21886.25
2017-01-06,17438.5
2017-01-07,23295.5
2017-01-08,23046.5
2017-01-09,27002.5
2017-01-10,23970.75
2017-01-11,25142.0
2017-01-12,24824.0
2017-01-13,29670.75
2017-01-14,27015.75
2017-01-15,27463.25
2017-01-16,17100.5
2017-01-17,29601.5
2017-01-18,26992.25
2017-01-19,30535.75
2017-01-20,29555.5
2017-01-21,22105.5
2017-01-22,20494.25
2017-01-23,22386.5
2017-01-24,30466.25
2017-01-25,29879.0
2017-01-26,32926.0
2017-01-27,25036.75
2017-01-28,21065.0
2017-01-29,31049.5
2017-01-30,21194.75
2017-01-31,25267.0
2017-02-01,29306.0
2017-02-02,21534.75
2017-02-03,28291.25
2017-02-04,28306.0
2017-02-05,34922.25
2017-02-06,21576.25
2017-02-07,26854.0
2017-02-08,28442.0
2017-02-09,23876.0
2017-02-10,25158.0
2017-02-11,24024.75
2017-02-12,34707.75
2017-02-13,24273.0
2017-02-14,24901.0
2017-02-15,23141.75
2017-02-16,25608.0
2017-02-17,25269.25
2017-02-18,23812.75
2017-02-19,30204.25
2017-02-20,24179.75
2017-02-21,24110.75
2017-02-22,27744.75
2017-02-23,28335.75
2017-02-24,29749.75
2017-02-25,19290.25
2017-02-26,32770.25
2017-02-27,28733.25
2017-02-28,25613.75
2017-03-01,29195.25
2017-03-02,33885.25
2017-03-03,16728.75
2017-03-04,17088.25
2017-03-05,35528.75
2017-03-06,23201.5
2017-03-07,23667.0
2017-03-08,28843.75
2017-03-09,25536.75
2017-03-10,28320.0
2017-03-11,26223.0
2017-03-12,31252.75
2017-03-13,16919.75
2017-03-14,29992.0
2017-03-15,27903.75
2017-03-16,23769.75
2017-03-17,26047.75
2017-03-18,37989.75
2017-03-19,34362.75
2017-03-20,24375.75
2017-03-21,20622.5
2017-03-22,26197.0
2017-03-23,26242.75
2017-03-24,19953.75
2017-03-25,27313.25
2017-03-26,30494.5
2017-03-27,21751.75
2017-03-28,24378.75
2017-03-29,24250.0
2017-03-30,25933.25
2017-03-31,23262.75
2017-04-01,20573.75
2017-04-02,29213.75
2017-04-03,22918.0
2017-04-04,25390.5
2017-04-05,22100.0
2017-04-06,28573.75
2017-04-07,28272.75
2017-04-08,16774.75
2017-04-09,29290.0
2017-04-10,33665.25
2017-04-11,20549.75
2017-04-12,28351.25
2017-04-13,25575.0
2017-04-14,23466.5
2017-04-15,28149.25
2017-04-16,31520.25
2017-04-17,29061.25
2017-04-18,20918.0
2017-04-19,21897.5
2017-04-20,22390.25
2017-04-21,22402.0
2017-04-22,23716.25
2017-04-23,31717.0
2017-04-24,28404.0
2017-04-25,24643.25
2017-04-26,17645.0
2017-04-27,15876.75
2017-04-28,16264.5
2017-04-29,16174.5
2017-04-30,42747.25
2017-05-01,30408.0
2017-05-02,23422.0
2017-05-03,19240.5
2017-05-04,18826.25
2017-05-05,25093.0
2017-05-06,19566.0
2017-05-07,19168.0
2017-05-08,18139.25
2017-05-09,20013.0
2017-05-10,21996.5
2017-05-11,18727.25
2017-05-12,22613.75
2017-05-13,25776.75
2017-05-14,26365.75
2017-05-15,19912.75
2017-05-16,20600.75
2017-05-17,20060.5
2017-05-18,18876.5
2017-05-19,23004.25
2017-05-20,25822.5
2017-05-21,34726.25
2017-05-22,14415.0
2017-05-23,15809.75
2017-05-24,20409.75
2017-05-25,29477.0
2017-05-26,22977.0
2017-05-27,27296.75
2017-05-28,29348.25
2017-05-29,21747.5
2017-05-30,24786.25
2017-05-31,24754.0
2017-06-01,18850.0
2017-06-02,16489.5
2017-06-03,15755.5
2017-06-04,37838.0
2017-06-05,18973.25
2017-06-06,24199.5
2017-06-07,36779.5
2017-06-08,20965.75
2017-06-09,22761.25
2017-06-10,21478.25
2017-06-11,32830.25
2017-06-12,30907.25
2017-06-13,18752.25
2017-06-14,17768.5
2017-06-15,16454.75
2017-06-16,29601.0
2017-06-17,22598.0
2017-06-18,30459.5
2017-06-19,14966.0
2017-06-20,24440.75
2017-06-21,13455.5
2017-06-22,15407.75
2017-06-23,23701.0
2017-06-24,23077.75
2017-06-25,24384.0
2017-06-26,17020.5
2017-06-27,15425.0
2017-06-28,18041.25
2017-06-29,20950.75
2017-06-30,22602.25
2017-07-01,15545.75
2017-07-02,27921.25
2017-07-03,19696.5
2017-07-04,15006.25
2017-07-05,14644.25
2017-07-06,17371.5
2017-07-07,18369.25
2017-07-08,20552.5
2017-07-09,14889.25
2017-07-10,14868.25
2017-07-11,19887.25
2017-07-12,22025.25
2017-07-13,15619.5
2017-07-14,16245.0
2017-07-15,18835.5
2017-07-16,21691.25
2017-07-17,13496.75
2017-07-18,18717.5
2017-07-19,18735.5
2017-07-20,21425.5
2017-07-21,15120.5
2017-07-22,15372.75
2017-07-23,30331.75
2017-07-24,14258.75
2017-07-25,19962.5
2017-07-26,13206.0
2017-07-27,20384.5
2017-07-28,19023.75
2017-07-29,21675.75
2017-07-30,28749.0
2017-07-31,13339.75
2017-08-01,18087.75
2017-08-02,14784.5
2017-08-03,19111.5
2017-08-04,22551.25
2017-08-05,16643.0
2017-08-06,33139.0
2017-08-07,18589.75
2017-08-08,14022.75
2017-08-09,18081.25
2017-08-10,19344.5
2017-08-11,16033.25
2017-08-12,25585.5
2017-08-13,22504.5
2017-08-14,18930.5
2017-08-15,14220.0
2017-08-16,19997.5
2017-08-17,18442.0
2017-08-18,14274.0
2017-08-19,31991.75
2017-08-20,32099.25
2017-08-21,19912.5
2017-08-22,13495.0
2017-08-23,12525.25
2017-08-24,17230.25
2017-08-25,15420.25
2017-08-26,16799.5
2017-08-27,24070.25
2017-08-28,16232.0
2017-08-29,16166.5
2017-08-30,19150.0
2017-08-31,21099.5
2017-09-01,18987.75
2017-09-02,13170.25
2017-09-03,25760.75
2017-09-04,16548.0
2017-09-05,20222.75
2017-09-06,21805.0
2017-09-07,17879.5
2017-09-08,27331.5
2017-09-09,20443.5
2017-09-10,27965.75
2017-09-11,31735.75
2017-09-12,24873.0
2017-09-13,29606.75
2017-09-14,36478.5
2017-09-15,18653.5
2017-09-16,18084.25
2017-09-17,21649.75
2017-09-18,19857.75
2017-09-19,17698.25
2017-09-20,23738.75
2017-09-21,21715.25
2017-09-22,15839.75
2017-09-23,13551.5
2017-09-24,17578.5
2017-09-25,21191.75
2017-09-26,22308.75
2017-09-27,22403.0
2017-09-28,24392.5
2017-09-29,23920.25
2017-09-30,22997.75
2017-10-01,27060.0
2017-10-02,26026.25
2017-10-03,30085.5
2017-10-04,32948.75
2017-10-05,25081.5
2017-10-06,19642.75
2017-10-07,35918.25
2017-10-08,23125.5
2017-10-09,23137.5
2017-10-10,25266.0
2017-10-11,21066.5
2017-10-12,33523.25
2017-10-13,20738.75
2017-10-14,25399.75
2017-10-15,23120.0
2017-10-16,21982.75
2017-10-17,26780.0
2017-10-18,20172.0
2017-10-19,20815.5
2017-10-20,17674.5
2017-10-21,16398.0
2017-10-22,29977.75
2017-10-23,19933.5
2017-10-24,21738.25
2017-10-25,23303.25
2017-10-26,20681.25
2017-10-27,23772.0
2017-10-28,29117.25
2017-10-29,29426.75
2017-10-30,26887.5
2017-10-31,17390.5
2017-11-01,17209.25
2017-11-02,19827.25
2017-11-03,13539.5
2017-11-04,20112.25
2017-11-05,32936.0
2017-11-06,19127.0
2017-11-07,23414.0
2017-11-08,19987.75
2017-11-09,20774.0
2017-11-10,16393.5
2017-11-11,30840.25
2017-11-12,17928.5
2017-11-13,19012.75
2017-11-14,19210.0
2017-11-15,17414.5
2017-11-16,29244.5
2017-11-17,19709.75
2017-11-18,23703.75
2017-11-19,34563.75
2017-11-20,18704.0
2017-11-21,20687.5
2017-11-22,26024.25
2017-11-23,27737.0
2017-11-24,17332.25
2017-11-25,19193.0
2017-11-26,24638.0
2017-11-27,28352.0
2017-11-28,20491.0
2017-11-29,20693.75
2017-11-30,23524.0
2017-12-01,35600.25
2017-12-02,26269.5
2017-12-03,30586.25
2017-12-04,36604.25
2017-12-05,30398.75
2017-12-06,37641.0
2017-12-07,39902.25
2017-12-08,36111.0
2017-12-09,43909.5
2017-12-10,45335.5
2017-12-11,38765.0
2017-12-12,31393.0
2017-12-13,33490.75
2017-12-14,35444.0
2017-12-15,37102.75
2017-12-16,37258.5
2017-12-17,30814.75
2017-12-18,34330.5
2017-12-19,39787.5
2017-12-20,39719.75
2017-12-21,39110.25
2017-12-22,35676.75
2017-12-23,37710.75
2017-12-24,43147.5
2017-12-25,38459.25
2017-12-26,49295.5
2017-12-27,37935.75
2017-12-28,34971.75
2017-12-29,44738.0
2017-12-30,44199.5
2017-12-31,37395.0
2018-01-01,56384.0
2018-01-02,35441.75
2018-01-03,53025.25
2018-01-04,43487.75
2018-01-05,43118.5
2018-01-06,41453.25
2018-01-07,47478.5
2018-01-08,39152.0
2018-01-09,35079.5
2018-01-10,35271.5
2018-01-11,33173.25
2018-01-12,28621.75
2018-01-13,28618.25
2018-01-14,41514.0
2018-01-15,40283.0
2018-01-16,35149.25
2018-01-17,38033.25
2018-01-18,36372.0
2018-01-19,26165.25
2018-01-20,30227.5
2018-01-21,27382.5
2018-01-22,33134.0
2018-01-23,33535.25
2018-01-24,46954.0
2018-01-25,33524.5
2018-01-26,26285.25
2018-01-27,27193.75
2018-01-28,50262.75
2018-01-29,40368.5
2018-01-30,22019.5
2018-01-31,37360.5
2018-02-01,29783.5
2018-02-02,28238.75
2018-02-03,22316.25
2018-02-04,37768.5
2018-02-05,24321.5
2018-02-06,34108.0
2018-02-07,34979.75
2018-02-08,35103.0
2018-02-09,30169.0
2018-02-10,20796.75
2018-02-11,47941.75
2018-02-12,24419.75
2018-02-13,29023.5
2018-02-14,30838.75
2018-02-15,26753.0
2018-02-16,27761.75
2018-02-17,20841.5
2018-02-18,34850.25
2018-02-19,20372.0
2018-02-20,31440.5
2018-02-21,33088.0
2018-02-22,32264.5
2018-02-23,26282.0
2018-02-24,46049.25
2018-02-25,30552.0
2018-02-26,22417.75
2018-02-27,25012.75
2018-02-28,37574.5
2018-03-01,44605.25
2018-03-02,21780.25
2018-03-03,23981.25
2018-03-04,45714.5
2018-03-05,20041.25
2018-03-06,29088.5
2018-03-07,21851.5
2018-03-08,32903.25
2018-03-09,27590.25
2018-03-10,28708.75
2018-03-11,42865.75
2018-03-12,26541.75
2018-03-13,33478.0
2018-03-14,27977.25
2018-03-15,40695.0
2018-03-16,31993.25
2018-03-17,31207.75
2018-03-18,48228.25
2018-03-19,19225.0
2018-03-20,32335.5
2018-03-21,25691.25
2018-03-22,33478.0
2018-03-23,26158.75
2018-03-24,35539.0
2018-03-25,42116.0
2018-03-26,21922.25
2018-03-27,32896.75
2018-03-28,35077.5
2018-03-29,40263.25
2018-03-30,32929.0
2018-03-31,38536.0
2018-04-01,59448.0
2018-04-02,43821.25
2018-04-03,37419.75
2018-04-04,38468.5
2018-04-05,52734.25
2018-04-06,31221.0
2018-04-07,47260.5
2018-04-08,48875.75
2018-04-09,26013.75
2018-04-10,34954.25
2018-04-11,29972.0
2018-04-12,46735.75
2018-04-13,30742.5
2018-04-14,37565.0
2018-04-15,44252.25
2018-04-16,15112.75
2018-04-17,38805.5
2018-04-18,32259.5
2018-04-19,33179.25
2018-04-20,29223.0
2018-04-21,40525.0
2018-04-22,56016.75
2018-04-23,35242.25
2018-04-24,41609.0
2018-04-25,51146.0
2018-04-26,46884.5
2018-04-27,28094.75
2018-04-28,37001.25
2018-04-29,37657.75
2018-04-30,54392.0
2018-05-01,51475.5
2018-05-02,27087.0
2018-05-03,30220.75
2018-05-04,28575.5
2018-05-05,36039.5
2018-05-06,58665.25
2018-05-07,25066.75
2018-05-08,42378.75
2018-05-09,31368.75
2018-05-10,51727.75
2018-05-11,14616.75
2018-05-12,19509.5
2018-05-13,51829.0
2018-05-14,31776.75
2018-05-15,31748.0
2018-05-16,38173.75
2018-05-17,42976.75
2018-05-18,26830.0
2018-05-19,28888.0
2018-05-20,44856.25
2018-05-21,51913.25
2018-05-22,23155.0
2018-05-23,35181.75
2018-05-24,30438.25
2018-05-25,33036.25
2018-05-26,29240.5
2018-05-27,49543.0
2018-05-28,17635.75
2018-05-29,36813.75
2018-05-30,26561.25
2018-05-31,32328.75
2018-06-01,28327.5
2018-06-02,14907.75
2018-06-03,43300.75
2018-06-04,12189.5
2018-06-05,22985.25
2018-06-06,33108.75
2018-06-07,21022.0
2018-06-08,24373.0
2018-06-09,14696.0
2018-06-10,44069.25
2018-06-11,15681.75
2018-06-12,28178.0
2018-06-13,23251.5
2018-06-14,28937.5
2018-06-15,17808.75
2018-06-16,18324.0
2018-06-17,46351.0
2018-06-18,15137.25
2018-06-19,23167.0
2018-06-20,26857.25
2018-06-21,49388.75
2018-06-22,35954.25
2018-06-23,42988.75
2018-06-24,39302.25
2018-06-25,17456.5
2018-06-26,21145.0
2018-06-27,21865.25
2018-06-28,20784.75
2018-06-29,26552.25
2018-06-30,35227.75
2018-07-01,47507.0
2018-07-02,16789.5
2018-07-03,19529.5
2018-07-04,15799.75
2018-07-05,22064.5
2018-07-06,17970.25
2018-07-07,35362.25
2018-07-08,39130.25
2018-07-09,20714.5
2018-07-10,17155.75
2018-07-11,16595.25
2018-07-12,20932.0
2018-07-13,17057.25
2018-07-14,13225.25
2018-07-15,30522.25
2018-07-16,8126.5
2018-07-17,11332.75
2018-07-18,13420.0
2018-07-19,10356.75
2018-07-20,11601.25
2018-07-21,7553.0
2018-07-22,30917.25
2018-07-23,11484.25
2018-07-24,13742.0
2018-07-25,20647.5
2018-07-26,17304.0
2018-07-27,18948.75
2018-07-28,17736.0
2018-07-29,48654.0
2018-07-30,12334.25
2018-07-31,24426.25
2018-08-01,17862.0
2018-08-02,25139.5
2018-08-03,27075.25
2018-08-04,11859.75
2018-08-05,45368.5
2018-08-06,16008.25
2018-08-07,22829.75
2018-08-08,33584.5
2018-08-09,25195.0
2018-08-10,35249.0
2018-08-11,42580.25
2018-08-12,30016.75
2018-08-13,19392.75
2018-08-14,29156.0
2018-08-15,24407.25
2018-08-16,21812.5
2018-08-17,19176.5
2018-08-18,25290.75
2018-08-19,37291.75
2018-08-20,15019.0
2018-08-21,28068.5
2018-08-22,25972.75
2018-08-23,25406.75
2018-08-24,31303.75
2018-08-25,25381.75
2018-08-26,42011.25
2018-08-27,34083.5
2018-08-28,18457.0
2018-08-29,26062.25
2018-08-30,30342.75
2018-08-31,21640.0
2018-09-01,15916.5
2018-09-02,33257.25
2018-09-03,19464.75
2018-09-04,33241.0
2018-09-05,31437.75
2018-09-06,31101.75
2018-09-07,31336.25
2018-09-08,35317.0
2018-09-09,39557.75
2018-09-10,23517.5
2018-09-11,42103.75
2018-09-12,23469.75
2018-09-13,22434.0
2018-09-14,30521.75
2018-09-15,32985.5
2018-09-16,47455.75
2018-09-17,23681.75
2018-09-18,42128.0
2018-09-19,46447.5
2018-09-20,43675.5
2018-09-21,39015.5
2018-09-22,54203.25
2018-09-23,29796.75
2018-09-24,55714.5
2018-09-25,22038.75
2018-09-26,45372.75
2018-09-27,38589.0
2018-09-28,40192.25
2018-09-29,29931.75
2018-09-30,45651.25
2018-10-01,35269.5
2018-10-02,31908.25
2018-10-03,56900.75
2018-10-04,20957.5
2018-10-05,39775.25
2018-10-06,19634.5
2018-10-07,45755.5
2018-10-08,39475.75
2018-10-09,38265.75
2018-10-10,36950.5
2018-10-11,39526.0
2018-10-12,30425.0
2018-10-13,32507.0
2018-10-14,58755.25
2018-10-15,23842.75
2018-10-16,35183.5
2018-10-17,33023.5
2018-10-18,33326.5
2018-10-19,26264.25
2018-10-20,28555.25
2018-10-21,37844.5
2018-10-22,31185.0
2018-10-23,44779.0
2018-10-24,36921.75
2018-10-25,40400.75
2018-10-26,34377.5
2018-10-27,33850.5
2018-10-28,35676.0
2018-10-29,38711.5
2018-10-30,40625.5
2018-10-31,38248.0
2018-11-01,42701.75
2018-11-02,32979.0
2018-11-03,29476.25
2018-11-04,33877.25
2018-11-05,33473.75
2018-11-06,35412.5
2018-11-07,30004.0
2018-11-08,29581.0
2018-11-09,27893.5
2018-11-10,35244.25
2018-11-11,53301.25
2018-11-12,17580.5
2018-11-13,36112.5
2018-11-14,27706.75
2018-11-15,32417.25
2018-11-16,37836.25
2018-11-17,25507.5
2018-11-18,21428.5
2018-11-19,28849.25
2018-11-20,35084.25
2018-11-21,26670.75
2018-11-22,32092.0
2018-11-23,32277.25
2018-11-24,21124.5
2018-11-25,36983.0
2018-11-26,35380.75
2018-11-27,32164.75
2018-11-28,30236.25
2018-11-29,37724.75
2018-11-30,27627.75
2018-12-01,35252.5
2018-12-02,42331.5
2018-12-03,34452.25
2018-12-04,40036.5
2018-12-05,37944.5
2018-12-06,35163.25
2018-12-07,38274.75
2018-12-08,39293.25
2018-12-09,48045.75
2018-12-10,32858.75
2018-12-11,33046.0
2018-12-12,31835.5
2018-12-13,42918.5
2018-12-14,37300.0
2018-12-15,35911.75
2018-12-16,41590.5
2018-12-17,27311.5
2018-12-18,36946.0
2018-12-19,41777.5
2018-12-20,23458.25
2018-12-21,46925.0
2018-12-22,31707.0
2018-12-23,44077.75
2018-12-24,33148.75
2018-12-25,50680.25
2018-12-26,19410.0
2018-12-27,32385.5
2018-12-28,32282.75
2018-12-29,19521.25
2018-12-30,53567.75
2018-12-31,23689.5
2019-01-01,53621.0
2019-01-02,36221.25
2019-01-03,24179.75
2019-01-04,25817.75
2019-01-05,48002.75
2019-01-06,29471.0
2019-01-07,32610.5
2019-01-08,46107.75
2019-01-09,31925.25
2019-01-10,29461.75
2019-01-11,31769.0
2019-01-12,31288.0
2019-01-13,37548.75
2019-01-14,30738.5
2019-01-15,39886.0
2019-01-16,40923.5
2019-01-17,38855.25
2019-01-18,16942.25
2019-01-19,37969.0
2019-01-20,21662.0
2019-01-21,20305.0
2019-01-22,34279.75
2019-01-23,32949.75
2019-01-24,42179.25
2019-01-25,35703.5
2019-01-26,34669.0
2019-01-27,55528.75
2019-01-28,25361.0
2019-01-29,30163.75
2019-01-30,40542.5
2019-01-31,29457.0
2019-02-01,35252.5
2019-02-02,21376.0
2019-02-03,37119.75
2019-02-04,29645.5
2019-02-05,29474.0
2019-02-06,25947.75
2019-02-07,26999.0
2019-02-08,35426.5
2019-02-09,57119.25
2019-02-10,39901.0
2019-02-11,24835.0
2019-02-12,41735.5
2019-02-13,35564.5
2019-02-14,31372.5
2019-02-15,31184.5
2019-02-16,31300.5
2019-02-17,33880.75
2019-02-18,31596.75
2019-02-19,38339.75
2019-02-20,37793.75
2019-02-21,34676.25
2019-02-22,24143.0
2019-02-23,24411.25
2019-02-24,39135.5
2019-02-25,25214.25
2019-02-26,27193.25
2019-02-27,34277.0
2019-02-28,46379.25
2019-03-01,19198.0
2019-03-02,15441.0
2019-03-03,54736.5
2019-03-04,42161.25
2019-03-05,41295.25
2019-03-06,23708.5
2019-03-07,48255.25
2019-03-08,29979.0
2019-03-09,49055.0
2019-03-10,24115.0
2019-03-11,31230.0
2019-03-12,32816.5
2019-03-13,37562.25
2019-03-14,35718.5
2019-03-15,36158.5
2019-03-16,37527.5
2019-03-17,51093.75
2019-03-18,35827.75
2019-03-19,29306.5
2019-03-20,27391.5
2019-03-21,25111.25
2019-03-22,23721.25
2019-03-23,28664.5
2019-03-24,40605.75
2019-03-25,42644.5
2019-03-26,27349.5
2019-03-27,25924.5
2019-03-28,24199.0
2019-03-29,27601.5
2019-03-30,28832.25
2019-03-31,58896.25
2019-04-01,23311.25
2019-04-02,30319.5
2019-04-03,25660.5
2019-04-04,29381.25
2019-04-05,29183.5
2019-04-06,27066.5
2019-04-07,37377.75
2019-04-08,18204.75
2019-04-09,26956.25
2019-04-10,31334.5
2019-04-11,25403.0
2019-04-12,24410.75
2019-04-13,22952.75
2019-04-14,33650.75
2019-04-15,35534.0
2019-04-16,29451.0
2019-04-17,35351.5
2019-04-18,45254.75
2019-04-19,44138.25
2019-04-20,30067.5
2019-04-21,33776.75
2019-04-22,53520.75
2019-04-23,30751.25
2019-04-24,44322.5
2019-04-25,28514.25
2019-04-26,26014.25
2019-04-27,25875.75
2019-04-28,44670.75
2019-04-29,18591.5
2019-04-30,28895.75
2019-05-01,47710.75
2019-05-02,14535.25
2019-05-03,28917.75
2019-05-04,28356.5
2019-05-05,40825.75
2019-05-06,21282.0
2019-05-07,23001.0
2019-05-08,23143.25
2019-05-09,27992.25
2019-05-10,21756.0
2019-05-11,22017.75
2019-05-12,52190.75
2019-05-13,33069.0
2019-05-14,23216.5
2019-05-15,14699.5
2019-05-16,17112.25
2019-05-17,16192.75
2019-05-18,28442.75
2019-05-19,39377.5
2019-05-20,19635.75
2019-05-21,23184.75
2019-05-22,23753.25
2019-05-23,29682.25
2019-05-24,23138.5
2019-05-25,17889.0
2019-05-26,58825.0
2019-05-27,18534.5
2019-05-28,22548.5
2019-05-29,25883.0
2019-05-30,50133.75
2019-05-31,21842.0
2019-06-01,33913.5
2019-06-02,48274.75
2019-06-03,29224.0
2019-06-04,25056.25
2019-06-05,25220.75
2019-06-06,31015.5
2019-06-07,24811.75
2019-06-08,46086.5
2019-06-09,30471.5
2019-06-10,26053.25
2019-06-11,24432.0
2019-06-12,32173.5
2019-06-13,34101.5
2019-06-14,24227.5
2019-06-15,38906.25
2019-06-16,39291.75
2019-06-17,24237.0
2019-06-18,25264.75
2019-06-19,30622.5
2019-06-20,28431.5
2019-06-21,16339.0
2019-06-22,18723.5
2019-06-23,43310.25
2019-06-24,24192.75
2019-06-25,31542.5
2019-06-26,31274.5
2019-06-27,35119.75
2019-06-28,26311.5
2019-06-29,29287.0
2019-06-30,45077.0
2019-07-01,30102.0
2019-07-02,28001.25
2019-07-03,23864.75
2019-07-04,24359.5
2019-07-05,28309.25
2019-07-06,24229.5
2019-07-07,45811.0
2019-07-08,14188.5
2019-07-09,22053.0
2019-07-10,21337.5
2019-07-11,14763.5
2019-07-12,24441.5
2019-07-13,21125.5
2019-07-14,23251.5
2019-07-15,16185.5
2019-07-16,16285.25
2019-07-17,17056.5
2019-07-18,21951.75
2019-07-19,18442.75
2019-07-20,25330.25
2019-07-21,38125.75
2019-07-22,15703.0
2019-07-23,19461.75
2019-07-24,29723.0
2019-07-25,28137.25
2019-07-26,24221.5
2019-07-27,19637.5
2019-07-28,33086.25
2019-07-29,10021.5
2019-07-30,21720.25
2019-07-31,29785.25
2019-08-01,18781.75
2019-08-02,15843.25
2019-08-03,24260.5
2019-08-04,35844.0
2019-08-05,12280.75
2019-08-06,22728.5
2019-08-07,16247.0
2019-08-08,26265.5
2019-08-09,10306.5
2019-08-10,33298.5
2019-08-11,39540.25
2019-08-12,21405.5
2019-08-13,28644.25
2019-08-14,20112.25
2019-08-15,34057.25
2019-08-16,18149.5
2019-08-17,32956.25
2019-08-18,43494.0
2019-08-19,22410.5
2019-08-20,23522.5
2019-08-21,28969.0
2019-08-22,30468.0
2019-08-23,20566.25
2019-08-24,25467.75
2019-08-25,36026.25
2019-08-26,22698.25
2019-08-27,33502.0
2019-08-28,33636.0
2019-08-29,28295.0
2019-08-30,28430.25
2019-08-31,24267.0
2019-09-01,40964.5
2019-09-02,19637.75
2019-09-03,32891.5
2019-09-04,29127.0
2019-09-05,29880.75
2019-09-06,27935.25
2019-09-07,20855.75
2019-09-08,29370.0
2019-09-09,26764.0
2019-09-10,26423.0
2019-09-11,27937.25
2019-09-12,23540.75
2019-09-13,26781.75
2019-09-14,21215.75
2019-09-15,46218.0
2019-09-16,12385.5
2019-09-17,35743.0
2019-09-18,31761.5
2019-09-19,18428.25
2019-09-20,21352.5
2019-09-21,26516.5
2019-09-22,35158.0
2019-09-23,17845.0
2019-09-24,27131.0
2019-09-25,27283.0
2019-09-26,23250.5
2019-09-27,23232.5
2019-09-28,39539.25
2019-09-29,46890.0
2019-09-30,36918.75
2019-10-01,25975.75
2019-10-02,34439.5
2019-10-03,27858.25
2019-10-04,25536.5
2019-10-05,29449.75
2019-10-06,37241.0
2019-10-07,20052.75
2019-10-08,28140.25
2019-10-09,27166.75
2019-10-10,32708.0
2019-10-11,37583.0
2019-10-12,40504.25
2019-10-13,33326.25
2019-10-14,23222.25
2019-10-15,24451.75
2019-10-16,32682.5
2019-10-17,25825.75
2019-10-18,28196.25
2019-10-19,23269.0
2019-10-20,24548.5
2019-10-21,31360.0
2019-10-22,36643.0
2019-10-23,30802.75
2019-10-24,31587.5
2019-10-25,31215.5
2019-10-26,36918.5
2019-10-27,33425.5
2019-10-28,28740.0
2019-10-29,27139.0
2019-10-30,28813.25
2019-10-31,27319.5
2019-11-01,14371.0
2019-11-02,38196.0
2019-11-03,38809.75
2019-11-04,30661.5
2019-11-05,27489.5
2019-11-06,27650.0
2019-11-07,31138.75
2019-11-08,24388.25
2019-11-09,23334.25
2019-11-10,25462.0
2019-11-11,24557.75
2019-11-12,33118.5
2019-11-13,27689.5
2019-11-14,26732.75
2019-11-15,25908.75
2019-11-16,26462.75
2019-11-17,30167.0
2019-11-18,32184.25
2019-11-19,31467.75
2019-11-20,26317.5
2019-11-21,28142.25
2019-11-22,24122.75
2019-11-23,36024.5
2019-11-24,20030.75
2019-11-25,22703.25
2019-11-26,24698.5
2019-11-27,25222.25
2019-11-28,38420.0
2019-11-29,29883.75
2019-11-30,25168.0
2019-12-01,26945.0
2019-12-02,27413.75
2019-12-03,29557.75
2019-12-04,25043.25
2019-12-05,24154.75
2019-12-06,30454.0
2019-12-07,39678.0
2019-12-08,49571.25
2019-12-09,32559.75
2019-12-10,36845.75
2019-12-11,30664.25
2019-12-12,31341.75
2019-12-13,31586.0
2019-12-14,29960.75
2019-12-15,49297.25
2019-12-16,20709.5
2019-12-17,37414.5
2019-12-18,33569.75
2019-12-19,35888.75
2019-12-20,35331.0
2019-12-21,32206.75
2019-12-22,37733.0
2019-12-23,39739.0
2019-12-24,38620.25
2019-12-25,34609.5
2019-12-26,32206.25
2019-12-27,31619.5
2019-12-28,26527.25
2019-12-29,29837.75
2019-12-30,36359.25
2019-12-31,37915.25
2020-01-01,34132.25
2020-01-02,33374.0
2020-01-03,43813.25
2020-01-04,31420.25
2020-01-05,24173.25
2020-01-06,33959.25
2020-01-07,36271.5
2020-01-08,33686.75
2020-01-09,27341.5
2020-01-10,34643.0
2020-01-11,25769.75
2020-01-12,27051.75
2020-01-13,32575.75
2020-01-14,37476.25
2020-01-15,34702.5
2020-01-16,38566.0
2020-01-17,36417.5
2020-01-18,30815.0
2020-01-19,24316.25
2020-01-20,35241.25
2020-01-21,26137.5
2020-01-22,35912.5
2020-01-23,33677.5
2020-01-24,33571.25
2020-01-25,17988.25
2020-01-26,21304.0
2020-01-27,45024.25
2020-01-28,37613.5
2020-01-29,35780.5
2020-01-30,40858.25
2020-01-31,42302.25
2020-02-01,49409.75
2020-02-02,40721.5
2020-02-03,38522.75
2020-02-04,34777.25
2020-02-05,32718.5
2020-02-06,34470.75
2020-02-07,38262.25
2020-02-08,26171.75
2020-02-09,41122.25
2020-02-10,43485.5
2020-02-11,40233.5
2020-02-12,35253.75
2020-02-13,39573.0
2020-02-14,35352.25
2020-02-15,32367.75
2020-02-16,35616.25
2020-02-17,42304.0
2020-02-18,40583.25
2020-02-19,39562.25
2020-02-20,29665.25
2020-02-21,41146.5
2020-02-22,40948.75
2020-02-23,41886.75
2020-02-24,37205.75
2020-02-25,43055.25
2020-02-26,31230.75
2020-02-27,41514.0
2020-02-28,37337.25
2020-02-29,27932.0
2020-03-01,42039.5
2020-03-02,33787.75
2020-03-03,38134.75
2020-03-04,38402.5
2020-03-05,34798.25
2020-03-06,36912.5
2020-03-07,32326.75
2020-03-08,46351.75
2020-03-09,34057.5
2020-03-10,34901.25
2020-03-11,42021.0
2020-03-12,48861.75
2020-03-13,47042.75
2020-03-14,19636.25
2020-03-15,37485.25
2020-03-16,32693.0
2020-03-17,34109.0
2020-03-18,36775.25
2020-03-19,35444.5
2020-03-20,23233.75
2020-03-21,36195.0
2020-03-22,40948.5
2020-03-23,42180.25
2020-03-24,34847.25
2020-03-25,38999.25
2020-03-26,32847.5
2020-03-27,33649.0
2020-03-28,41040.5
2020-03-29,34159.0
2020-03-30,30513.0
2020-03-31,40812.0
2020-04-01,41880.5
2020-04-02,27101.75
2020-04-03,40247.75
2020-04-04,42324.5
2020-04-05,39964.75
2020-04-06,46901.5
2020-04-07,47460.5
2020-04-08,37836.75
2020-04-09,45623.75
2020-04-10,35846.5
2020-04-11,44390.0
2020-04-12,38114.25
2020-04-13,43519.75
2020-04-14,51158.5
2020-04-15,41523.75
2020-04-16,45401.25
2020-04-17,47600.0
2020-04-18,40145.75
2020-04-19,45897.75
2020-04-20,57019.75
2020-04-21,55032.75
2020-04-22,47908.75
2020-04-23,51098.75
2020-04-24,44541.75
2020-04-25,43246.25
2020-04-26,33201.0
2020-04-27,44346.0
2020-04-28,31404.5
2020-04-29,35635.25
2020-04-30,49444.0
2020-05-01,35106.0
2020-05-02,48033.0
2020-05-03,40928.0
2020-05-04,35971.5
2020-05-05,33597.25
2020-05-06,38799.75
2020-05-07,36656.0
2020-05-08,46749.5
2020-05-09,33569.0
2020-05-10,27696.5
2020-05-11,38240.25
2020-05-12,25737.5
2020-05-13,30375.75
2020-05-14,33172.5
2020-05-15,36615.5
2020-05-16,41113.0
2020-05-17,37747.5
2020-05-18,34929.75
2020-05-19,33261.0
2020-05-20,40809.0
2020-05-21,41442.5
2020-05-22,40369.0
2020-05-23,34889.25
2020-05-24,46851.25
2020-05-25,35394.5
2020-05-26,39032.25
2020-05-27,38183.5
2020-05-28,31162.5
2020-05-29,29514.75
2020-05-30,35275.25
2020-05-31,46767.75
2020-06-01,32255.25
2020-06-02,32260.25
2020-06-03,38417.75
2020-06-04,33937.5
2020-06-05,33469.5
2020-06-06,43647.5
2020-06-07,32636.75
2020-06-08,26808.25
2020-06-09,27695.5
2020-06-10,26039.75
2020-06-11,25671.75
2020-06-12,31168.75
2020-06-13,30076.25
2020-06-14,29841.75
2020-06-15,25514.5
2020-06-16,22757.75
2020-06-17,27747.75
2020-06-18,22677.25
2020-06-19,23610.5
2020-06-20,25177.75
2020-06-21,29552.0
2020-06-22,25401.0
2020-06-23,28676.0
2020-06-24,24528.5
2020-06-25,21861.5
2020-06-26,26682.5
2020-06-27,21659.75
2020-06-28,28828.0
2020-06-29,32886.25
2020-06-30,32201.0
2020-07-01,29369.0
2020-07-02,28980.75
2020-07-03,30590.25
2020-07-04,42269.25
2020-07-05,39090.5
2020-07-06,37176.0
2020-07-07,33264.25
2020-07-08,29324.5
2020-07-09,31878.75
2020-07-10,33590.5
2020-07-11,28711.25
2020-07-12,34459.5
2020-07-13,27041.75
2020-07-14,19936.75
2020-07-15,31148.5
2020-07-16,26456.75
2020-07-17,29216.0
2020-07-18,26209.5
2020-07-19,37759.0
2020-07-20,20813.75
2020-07-21,26905.5
2020-07-22,22943.5
2020-07-23,29832.5
2020-07-24,35192.75
2020-07-25,24599.25
2020-07-26,35765.0
2020-07-27,32828.5
2020-07-28,38554.5
2020-07-29,36371.25
2020-07-30,40512.25
2020-07-31,35478.25
2020-08-01,38149.0
2020-08-02,28877.5
2020-08-03,34701.75
2020-08-04,27764.25
2020-08-05,40490.25
2020-08-06,38425.0
2020-08-07,39920.0
2020-08-08,31186.25
2020-08-09,32261.25
2020-08-10,35805.5
2020-08-11,38535.5
2020-08-12,36886.25
2020-08-13,35308.0
2020-08-14,36902.75
2020-08-15,29101.75
2020-08-16,37209.25
2020-08-17,25016.0
2020-08-18,37633.75
2020-08-19,33220.0
2020-08-20,35171.75
2020-08-21,34855.0
2020-08-22,30589.25
2020-08-23,34565.5
2020-08-24,26562.75
2020-08-25,21643.0
2020-08-26,45090.0
2020-08-27,25077.25
2020-08-28,33457.0
2020-08-29,42023.75
2020-08-30,30963.25
2020-08-31,29490.75
2020-09-01,29277.0
2020-09-02,33289.75
2020-09-03,27981.0
2020-09-04,35253.25
2020-09-05,27296.25
2020-09-06,32676.75
2020-09-07,30707.25
2020-09-08,37653.25
2020-09-09,36913.0
2020-09-10,31887.75
2020-09-11,33636.25
2020-09-12,32037.25
2020-09-13,38121.0
2020-09-14,29047.25
2020-09-15,37675.75
2020-09-16,31722.25
2020-09-17,30197.5
2020-09-18,41568.5
2020-09-19,28754.75
2020-09-20,28782.5
2020-09-21,29041.5
2020-09-22,30145.75
2020-09-23,32515.25
2020-09-24,43222.75
2020-09-25,38500.5
2020-09-26,33831.75
2020-09-27,34354.0
2020-09-28,33573.75
2020-09-29,34269.25
2020-09-30,28819.25
2020-10-01,34058.25
2020-10-02,31383.25
2020-10-03,38919.0
2020-10-04,45592.75
2020-10-05,36319.0
2020-10-06,40824.5
2020-10-07,36218.5
2020-10-08,40196.25
2020-10-09,33918.0
2020-10-10,31707.5
2020-10-11,38845.5
2020-10-12,32644.0
2020-10-13,32022.5
2020-10-14,30430.5
2020-10-15,35049.5
2020-10-16,28938.75
2020-10-17,18223.25
2020-10-18,41325.0
2020-10-19,32123.25
2020-10-20,31684.75
2020-10-21,37686.25
2020-10-22,35224.75
2020-10-23,37426.5
2020-10-24,28877.75
2020-10-25,41070.25
2020-10-26,37630.25
2020-10-27,34902.5
2020-10-28,37129.25
2020-10-29,34301.5
2020-10-30,34601.25
2020-10-31,24762.0
2020-11-01,36818.5
2020-11-02,46038.5
2020-11-03,34604.0
2020-11-04,37836.0
2020-11-05,33401.0
2020-11-06,29069.5
2020-11-07,32038.5
2020-11-08,31511.0
2020-11-09,31819.25
2020-11-10,31514.0
2020-11-11,29666.75
2020-11-12,29649.25
2020-11-13,24677.25
2020-11-14,13627.0
2020-11-15,38299.75
2020-11-16,29080.75
2020-11-17,30481.25
2020-11-18,27390.0
2020-11-19,31096.5
2020-11-20,31551.0
2020-11-21,17710.75
2020-11-22,34171.0
2020-11-23,29433.75
2020-11-24,26944.5
2020-11-25,32628.0
2020-11-26,35419.25
2020-11-27,34304.75
2020-11-28,19547.0
2020-11-29,30958.25
2020-11-30,34905.0
2020-12-01,29128.5
2020-12-02,37288.5
2020-12-03,35155.25
2020-12-04,33355.5
2020-12-05,30865.5
2020-12-06,28923.75
2020-12-07,25866.25
2020-12-08,31097.25
2020-12-09,34893.25
2020-12-10,37383.0
2020-12-11,32286.75
2020-12-12,35445.75
2020-12-13,27371.75
2020-12-14,33384.25
2020-12-15,32816.25
2020-12-16,38713.5
2020-12-17,35000.0
2020-12-18,35770.5
2020-12-19,26301.5
2020-12-20,32117.75
2020-12-21,33843.5
2020-12-22,43443.0
2020-12-23,34018.0
2020-12-24,35848.25
2020-12-25,39989.25
2020-12-26,20898.0
2020-12-27,37209.0
2020-12-28,30066.0
2020-12-29,35990.0
2020-12-30,32502.5
2020-12-31,44370.0
2021-01-01,28057.0
2021-01-02,33688.75
2021-01-03,35930.75
2021-01-04,30984.25
2021-01-05,29576.25
2021-01-06,32299.25
2021-01-07,29614.5
2021-01-08,36183.75
2021-01-09,19690.0
2021-01-10,30546.5
2021-01-11,39188.5
2021-01-12,38409.0
2021-01-13,46003.25
2021-01-14,27655.5
2021-01-15,28612.25
2021-01-16,28433.5
2021-01-17,25513.75
2021-01-18,31360.75
2021-01-19,30419.25
2021-01-20,34650.0
2021-01-21,41434.75
2021-01-22,36398.5
2021-01-23,33660.5
2021-01-24,32711.0
2021-01-25,25877.75
2021-01-26,31009.5
2021-01-27,35639.0
2021-01-28,27871.0
2021-01-29,31120.75
2021-01-30,29223.75
2021-01-31,41882.0
2021-02-01,25275.0
2021-02-02,30819.0
2021-02-03,36584.0
2021-02-04,28438.0
2021-02-05,22912.5
2021-02-06,24891.75
2021-02-07,39606.75
2021-02-08,24812.5
2021-02-09,27754.5
2021-02-10,35138.75
2021-02-11,34816.25
2021-02-12,26932.0
2021-02-13,23952.25
2021-02-14,33096.25
2021-02-15,22045.75
2021-02-16,25981.75
2021-02-17,32362.75
2021-02-18,27778.25
2021-02-19,29088.75
2021-02-20,25932.25
2021-02-21,48736.5
2021-02-22,24198.0
2021-02-23,27210.75
2021-02-24,37243.25
2021-02-25,28579.25
2021-02-26,19601.5
2021-02-27,28864.75
2021-02-28,38768.75
2021-03-01,27923.5
2021-03-02,33294.25
2021-03-03,21998.25
2021-03-04,29500.25
2021-03-05,24139.75
2021-03-06,28611.0
2021-03-07,41084.5
2021-03-08,13529.5
2021-03-09,22582.5
2021-03-10,20526.0
2021-03-11,43689.0
2021-03-12,42821.5
2021-03-13,45224.0
2021-03-14,37737.0
2021-03-15,31390.75
2021-03-16,26913.5
2021-03-17,30949.25
2021-03-18,20014.5
2021-03-19,29455.0
2021-03-20,22538.5
2021-03-21,50892.75
2021-03-22,14877.25
2021-03-23,23070.25
2021-03-24,41638.75
2021-03-25,19569.0
2021-03-26,31621.0
2021-03-27,44403.5
2021-03-28,46965.25
2021-03-29,35894.5
2021-03-30,35442.75
2021-03-31,30285.5
2021-04-01,27530.25
2021-04-02,32128.0
2021-04-03,33137.25
2021-04-04,36090.5
2021-04-05,58599.75
2021-04-06,33943.25
2021-04-07,34027.0
2021-04-08,34560.75
2021-04-09,40711.0
2021-04-10,17500.0
2021-04-11,44618.5
2021-04-12,21034.25
2021-04-13,30228.75
2021-04-14,20187.75
2021-04-15,22799.5
2021-04-16,21346.75
2021-04-17,20206.75
2021-04-18,24951.0
2021-04-19,16759.25
2021-04-20,30174.25
2021-04-21,18334.25
2021-04-22,30659.0
2021-04-23,25719.25
2021-04-24,32156.5
2021-04-25,38466.75
2021-04-26,27738.75
2021-04-27,25047.25
2021-04-28,24992.0
2021-04-29,27189.0
2021-04-30,21334.0
2021-05-01,21542.25
2021-05-02,38892.25
2021-05-03,17549.75
2021-05-04,38172.75
2021-05-05,27202.25
2021-05-06,19178.75
2021-05-07,19605.75
2021-05-08,25049.5
2021-05-09,48981.25
2021-05-10,24104.25
2021-05-11,18271.0
2021-05-12,17752.25
2021-05-13,26293.25
2021-05-14,21310.5
2021-05-15,19674.0
2021-05-16,44351.25
2021-05-17,18950.75
2021-05-18,20134.0
2021-05-19,21238.0
2021-05-20,19860.75
2021-05-21,30046.5
2021-05-22,40580.75
2021-05-23,41832.25
2021-05-24,33613.75
2021-05-25,20773.25
2021-05-26,21048.25
2021-05-27,24306.25
2021-05-28,16355.0
2021-05-29,23217.25
2021-05-30,44809.75
2021-05-31,23285.5
2021-06-01,23494.75
2021-06-02,28277.25
2021-06-03,27385.25
2021-06-04,16964.0
2021-06-05,19799.0
2021-06-06,33898.0
2021-06-07,13242.0
2021-06-08,19767.75
2021-06-09,20235.75
2021-06-10,21826.75
2021-06-11,17142.75
2021-06-12,34404.75
2021-06-13,48799.25
2021-06-14,19601.25
2021-06-15,24171.0
2021-06-16,24111.0
2021-06-17,34256.75
2021-06-18,28055.5
2021-06-19,25637.75
2021-06-20,44071.5
2021-06-21,24559.0
2021-06-22,19038.5
2021-06-23,25621.25
2021-06-24,19698.5
2021-06-25,23254.75
2021-06-26,19684.5
2021-06-27,41766.5
2021-06-28,15547.5
2021-06-29,21535.25
2021-06-30,21592.0
2021-07-01,19444.0
2021-07-02,17614.0
2021-07-03,17726.25
2021-07-04,32596.5
2021-07-05,16726.75
2021-07-06,32930.5
2021-07-07,14122.0
2021-07-08,14361.5
2021-07-09,22959.25
2021-07-10,25004.25
2021-07-11,27732.5
2021-07-12,11554.5
2021-07-13,12263.0
2021-07-14,20156.5
2021-07-15,17571.75
2021-07-16,11382.75
2021-07-17,23047.75
2021-07-18,45758.5
2021-07-19,16264.5
2021-07-20,19116.0
2021-07-21,16021.75
2021-07-22,10246.25
2021-07-23,15284.25
2021-07-24,11534.0
2021-07-25,34025.75
2021-07-26,11972.0
2021-07-27,11073.0
2021-07-28,21546.5
2021-07-29,41266.75
2021-07-30,22681.25
2021-07-31,45620.75
2021-08-01,22126.5
2021-08-02,19579.5
2021-08-03,10795.25
2021-08-04,10232.5
2021-08-05,16427.25
2021-08-06,23615.75
2021-08-07,22082.25
2021-08-08,45985.5
2021-08-09,19236.0
2021-08-10,22510.75
2021-08-11,22009.5
2021-08-12,19932.25
2021-08-13,19628.5
2021-08-14,27450.0
2021-08-15,31390.25
2021-08-16,21819.25
2021-08-17,30798.0
2021-08-18,18534.5
2021-08-19,22688.5
2021-08-20,17214.0
2021-08-21,17927.0
2021-08-22,29447.25
2021-08-23,19183.75
2021-08-24,26403.75
2021-08-25,32553.75
2021-08-26,19104.0
2021-08-27,26004.25
2021-08-28,14073.0
2021-08-29,23894.0
2021-08-30,19730.25
2021-08-31,28259.25
2021-09-01,28873.5
2021-09-02,18980.25
2021-09-03,21850.5
2021-09-04,26335.75
2021-09-05,42051.25
2021-09-06,16602.5
2021-09-07,22992.25
2021-09-08,31312.0
2021-09-09,24870.75
2021-09-10,24194.5
2021-09-11,16424.0
2021-09-12,43530.5
2021-09-13,16567.0
2021-09-14,20675.25
2021-09-15,25456.5
2021-09-16,23603.0
2021-09-17,22810.75
2021-09-18,24220.5
2021-09-19,42356.75
2021-09-20,19457.25
2021-09-21,32659.5
2021-09-22,28013.25
2021-09-23,43673.75
2021-09-24,33497.75
2021-09-25,33067.5
2021-09-26,41012.5
2021-09-27,26516.25
2021-09-28,25473.25
2021-09-29,37422.75
2021-09-30,41546.75
2021-10-01,37371.5
2021-10-02,30017.0
2021-10-03,51143.5
2021-10-04,19351.0
2021-10-05,30052.25
2021-10-06,38542.75
2021-10-07,20282.75
2021-10-08,18964.75
2021-10-09,35319.75
2021-10-10,35691.25
2021-10-11,22274.25
2021-10-12,20186.25
2021-10-13,17621.0
2021-10-14,12680.75
2021-10-15,21125.5
2021-10-16,27744.75
2021-10-17,40609.0
2021-10-18,25726.0
2021-10-19,25307.75
2021-10-20,36631.5
2021-10-21,41210.5
2021-10-22,44676.25
2021-10-23,29002.0
2021-10-24,51255.0
2021-10-25,23260.0
2021-10-26,30338.75
2021-10-27,32956.25
2021-10-28,41618.5
2021-10-29,39512.0
2021-10-30,33015.75
2021-10-31,39973.25
2021-11-01,35699.5
2021-11-02,27795.25
2021-11-03,29899.75
2021-11-04,36712.5
2021-11-05,26764.0
2021-11-06,26471.0
2021-11-07,59947.75
2021-11-08,14271.5
2021-11-09,36408.25
2021-11-10,30033.5
2021-11-11,22919.75
2021-11-12,25597.0
2021-11-13,26573.75
2021-11-14,25907.25
2021-11-15,36188.0
2021-11-16,33700.0
2021-11-17,35169.0
2021-11-18,42066.75
2021-11-19,35926.75
2021-11-20,44118.0
2021-11-21,39132.0
2021-11-22,34712.25
2021-11-23,34669.25
2021-11-24,34653.75
2021-11-25,34402.25
2021-11-26,39938.0
2021-11-27,26696.5
2021-11-28,34786.5
2021-11-29,31791.0
2021-11-30,41804.25
2021-12-01,43521.5
2021-12-02,23640.0
2021-12-03,46982.0
2021-12-04,24510.5
2021-12-05,41429.75
2021-12-06,31392.75
2021-12-07,34261.0
2021-12-08,33015.75
2021-12-09,30184.75
2021-12-10,28465.75
2021-12-11,24682.75
2021-12-12,49300.5
2021-12-13,28399.0
2021-12-14,37046.0
2021-12-15,36908.5
2021-12-16,36157.75
2021-12-17,23614.75
2021-12-18,18876.25
2021-12-19,52132.5
2021-12-20,19591.25
2021-12-21,29256.5
2021-12-22,32316.75
2021-12-23,30423.75
2021-12-24,45728.0
2021-12-25,20528.5
2021-12-26,34647.0
2021-12-27,36629.75
2021-12-28,42596.25
2021-12-29,31321.25
2021-12-30,40518.0
2021-12-31,47793.75
2022-01-01,32792.25
2022-01-02,48802.5
2022-01-03,33669.5
2022-01-04,27666.5
2022-01-05,48060.25
2022-01-06,29393.25
2022-01-07,38713.75
2022-01-08,27812.25
2022-01-09,44040.75
2022-01-10,23368.25
2022-01-11,37749.0
2022-01-12,30723.5
2022-01-13,34499.75
2022-01-14,34151.5
2022-01-15,13922.25
2022-01-16,27092.75
2022-01-17,42070.25
2022-01-18,22191.75
2022-01-19,36092.0
2022-01-20,39310.5
2022-01-21,35121.0
2022-01-22,35134.25
2022-01-23,31407.75
2022-01-24,22781.25
2022-01-25,29432.5
2022-01-26,26628.5
2022-01-27,36105.0
2022-01-28,36422.0
2022-01-29,37584.5
2022-01-30,49686.75
2022-01-31,23274.0
2022-02-01,36995.25
2022-02-02,47457.75
2022-02-03,17975.25
2022-02-04,25667.75
2022-02-05,34786.75
2022-02-06,45690.75
2022-02-07,39003.5
2022-02-08,36814.5
2022-02-09,34203.5
2022-02-10,16792.0
2022-02-11,32614.5
2022-02-12,27393.5
2022-02-13,45917.0
2022-02-14,38322.25
2022-02-15,30787.25
2022-02-16,32303.25
2022-02-17,39485.25
2022-02-18,23650.0
2022-02-19,57471.5
2022-02-20,37075.25
2022-02-21,35083.0
2022-02-22,38324.25
2022-02-23,42433.0
2022-02-24,34666.0
2022-02-25,47352.75
2022-02-26,22416.75
2022-02-27,53330.0
2022-02-28,36035.75
2022-03-01,29821.25
2022-03-02,25817.5
2022-03-03,21614.25
2022-03-04,26100.25
2022-03-05,28945.0
2022-03-06,39449.0
2022-03-07,25367.0
2022-03-08,36886.0
2022-03-09,33426.25
2022-03-10,29839.0
2022-03-11,58726.25
2022-03-12,38225.25
2022-03-13,50692.0
2022-03-14,19261.5
2022-03-15,15519.25
2022-03-16,26608.75
2022-03-17,35687.25
2022-03-18,23609.75
2022-03-19,44491.25
2022-03-20,55896.25
2022-03-21,31492.5
2022-03-22,32875.5
2022-03-23,28426.0
2022-03-24,22401.25
2022-03-25,29339.25
2022-03-26,41853.75
2022-03-27,39176.5
2022-03-28,38581.75
2022-03-29,23498.5
2022-03-30,12259.75
2022-03-31,32295.5
2022-04-01,40068.25
2022-04-02,37581.75
2022-04-03,32084.25
2022-04-04,57221.0
2022-04-05,17831.5
2022-04-06,40656.75
2022-04-07,41478.75
2022-04-08,29166.25
2022-04-09,47552.5
2022-04-10,53469.0
2022-04-11,27959.5
2022-04-12,45727.75
2022-04-13,30459.0
2022-04-14,32229.5
2022-04-15,16553.75
2022-04-16,47608.0
2022-04-17,48563.25
2022-04-18,46067.75
2022-04-19,25216.0
2022-04-20,21431.75
2022-04-21,21265.5
2022-04-22,38276.25
2022-04-23,45939.75
2022-04-24,48284.75
2022-04-25,15860.5
2022-04-26,16975.5
2022-04-27,15556.0
2022-04-28,18889.5
2022-04-29,11859.0
2022-04-30,20987.5
2022-05-01,34507.25
2022-05-02,17817.25
2022-05-03,11426.5
2022-05-04,8523.25
2022-05-05,16554.25
2022-05-06,9750.0
2022-05-07,17243.0
2022-05-08,34428.5
2022-05-09,12565.0
2022-05-10,27600.5
2022-05-11,42305.75
2022-05-12,43542.75
2022-05-13,40741.5
2022-05-14,49931.5
2022-05-15,52388.0
2022-05-16,21107.75
2022-05-17,16249.5
2022-05-18,37681.25
2022-05-19,25157.5
2022-05-20,18483.0
2022-05-21,66645.75
2022-05-22,45872.75
2022-05-23,13048.75
2022-05-24,46610.25
2022-05-25,37784.25
2022-05-26,60353.25
2022-05-27,59207.75
2022-05-28,60831.75
2022-05-29,29196.25
2022-05-30,13706.5
2022-05-31,18352.75
2022-06-01,25663.5
2022-06-02,29745.5
2022-06-03,28697.0
2022-06-04,31512.0
2022-06-05,33297.25
2022-06-06,67400.25
2022-06-07,22604.5
2022-06-08,9095.5
2022-06-09,15518.5
2022-06-10,33106.5
2022-06-11,46426.5
2022-06-12,54817.25
2022-06-13,42310.25
2022-06-14,23666.25
2022-06-15,19874.0
2022-06-16,43038.5
2022-06-17,29240.5
2022-06-18,51116.75
2022-06-19,61464.25
2022-06-20,19338.75
2022-06-21,45127.5
2022-06-22,24696.75
2022-06-23,40217.5
2022-06-24,34014.0
2022-06-25,47160.75
2022-06-26,52784.25
2022-06-27,24492.5
2022-06-28,41637.75
2022-06-29,37111.0
2022-06-30,31258.25
2022-07-01,32452.5
2022-07-02,56966.0
2022-07-03,58836.5
2022-07-04,38081.0
2022-07-05,35996.0
2022-07-06,36519.0
2022-07-07,36048.75
2022-07-08,42643.0
2022-07-09,47577.25
2022-07-10,64011.5
2022-07-11,18766.5
2022-07-12,37942.75
2022-07-13,40680.5
2022-07-14,32474.75
2022-07-15,44133.75
2022-07-16,66223.25
2022-07-17,54892.25
2022-07-18,34171.25
2022-07-19,36727.75
2022-07-20,50423.5
2022-07-21,49192.25
2022-07-22,45449.0
2022-07-23,38136.5
2022-07-24,63516.25
2022-07-25,58493.0
2022-07-26,32994.0
2022-07-27,40913.0
2022-07-28,36897.75
2022-07-29,24751.25
2022-07-30,40890.75
2022-07-31,65731.25
2022-08-01,25525.5
2022-08-02,42697.25
2022-08-03,36563.5
2022-08-04,30142.5
2022-08-05,34815.75
2022-08-06,52524.5
2022-08-07,54548.25
2022-08-08,29175.25
2022-08-09,41074.5
2022-08-10,41088.5
2022-08-11,30969.0
2022-08-12,35665.5
2022-08-13,33736.5
2022-08-14,44996.0
2022-08-15,28046.5
2022-08-16,30142.0
2022-08-17,22779.0
2022-08-18,33066.75
2022-08-19,19757.75
2022-08-20,34253.75
2022-08-21,70895.25
2022-08-22,24535.25
2022-08-23,26083.25
2022-08-24,25616.0
2022-08-25,35706.25
2022-08-26,17585.0
2022-08-27,15489.5
2022-08-28,67283.75
2022-08-29,22691.75
2022-08-30,36355.0
2022-08-31,21813.25
2022-09-01,25516.25
2022-09-02,39064.25
2022-09-03,48168.25
2022-09-04,44972.5
2022-09-05,40623.0
2022-09-06,46206.0
2022-09-07,37962.0
2022-09-08,35384.75
2022-09-09,30135.25
2022-09-10,25477.25
2022-09-11,29568.25
2022-09-12,21700.75
2022-09-13,37431.25
2022-09-14,18292.75
2022-09-15,41739.0
2022-09-16,54988.75
2022-09-17,48858.0
2022-09-18,61655.5
2022-09-19,48987.5
2022-09-20,35526.5
2022-09-21,26678.75
2022-09-22,24239.25
2022-09-23,22969.75
2022-09-24,28447.5
2022-09-25,31957.0
2022-09-26,53557.75
2022-09-27,35082.0
2022-09-28,29272.0
2022-09-29,30934.0
2022-09-30,39846.25
2022-10-01,68140.5
2022-10-02,63324.5
2022-10-03,43228.75
2022-10-04,41410.75
2022-10-05,59383.25
2022-10-06,52886.5
2022-10-07,37206.0
2022-10-08,52458.25
2022-10-09,50043.0
2022-10-10,53141.0
2022-10-11,40996.25
2022-10-12,30440.0
2022-10-13,30667.5
2022-10-14,29355.75
2022-10-15,33913.75
2022-10-16,67759.25
2022-10-17,42493.0
2022-10-18,38453.5
2022-10-19,36722.25
2022-10-20,39178.75
2022-10-21,31938.5
2022-10-22,44681.75
2022-10-23,35299.25
2022-10-24,53202.5
2022-10-25,41413.5
2022-10-26,30177.75
2022-10-27,29325.25
2022-10-28,31563.5
2022-10-29,25734.0
2022-10-30,43555.25
2022-10-31,16823.0
2022-11-01,54373.25
2022-11-02,55744.0
2022-11-03,39232.25
2022-11-04,31172.0
2022-11-05,14431.25
2022-11-06,65880.25
2022-11-07,50054.25
2022-11-08,44201.75
2022-11-09,52221.75
2022-11-10,50892.5
2022-11-11,39630.5
2022-11-12,23828.25
2022-11-13,40199.5
2022-11-14,39448.5
2022-11-15,43440.25
2022-11-16,45905.0
2022-11-17,57615.5
2022-11-18,46224.0
2022-11-19,39918.5
2022-11-20,53644.25
2022-11-21,40756.0
2022-11-22,43668.5
2022-11-23,51282.0
2022-11-24,48812.5
2022-11-25,41792.0
2022-11-26,28679.5
2022-11-27,56394.5
2022-11-28,44845.0
2022-11-29,41875.25
2022-11-30,48288.25
2022-12-01,39689.5
2022-12-02,30789.25
2022-12-03,27952.0
2022-12-04,43848.5
2022-12-05,39518.75
2022-12-06,41029.75
2022-12-07,47343.0
2022-12-08,42097.0
2022-12-09,42268.75
2022-12-10,47262.75
2022-12-11,38361.25
2022-12-12,40182.25
2022-12-13,53214.25
2022-12-14,54809.5
2022-12-15,49217.5
2022-12-16,42774.5
2022-12-17,22587.5
2022-12-18,25045.0
2022-12-19,51327.5
2022-12-20,46532.0
2022-12-21,35187.25
2022-12-22,42699.0
2022-12-23,35541.25
2022-12-24,51108.0
2022-12-25,46968.0
2022-12-26,58952.75
2022-12-27,48375.75
2022-12-28,64821.5
2022-12-29,49621.25
2022-12-30,38769.0
2022-12-31,49049.0
2023-01-01,43473.0
2023-01-02,33479.75
2023-01-03,29601.75
2023-01-04,61156.0
2023-01-05,42862.5
2023-01-06,41678.75
2023-01-07,34181.5
2023-01-08,55974.75
2023-01-09,44876.0
2023-01-10,43618.25
2023-01-11,47021.5
2023-01-12,45792.25
2023-01-13,45006.25
2023-01-14,35002.25
2023-01-15,58383.75
2023-01-16,12237.5
2023-01-17,44055.25
2023-01-18,23819.0
2023-01-19,44801.25
2023-01-20,20275.0
2023-01-21,29144.5
2023-01-22,42403.75
2023-01-23,30748.5
2023-01-24,41823.0
2023-01-25,32443.75
2023-01-26,29563.5
2023-01-27,29630.5
2023-01-28,13109.5
2023-01-29,16924.5
2023-01-30,29801.75
2023-01-31,31731.75
2023-02-01,40910.0
2023-02-02,38740.0
2023-02-03,51610.0
2023-02-04,15375.75
2023-02-05,52648.5
2023-02-06,18100.75
2023-02-07,45677.75
2023-02-08,29051.0
2023-02-09,45006.0
2023-02-10,30218.0
2023-02-11,52240.75
2023-02-12,13221.25
2023-02-13,32109.25
2023-02-14,27896.25
2023-02-15,17339.0
2023-02-16,28462.0
2023-02-17,49837.25
2023-02-18,31135.5
2023-02-19,16401.5
2023-02-20,54990.25
2023-02-21,29832.5
2023-02-22,19179.25
2023-02-23,10692.25
2023-02-24,19810.25
2023-02-25,51047.75
2023-02-26,40627.5
2023-02-27,20622.5
2023-02-28,26326.5
2023-03-01,29477.75
2023-03-02,25436.25
2023-03-03,26264.0
2023-03-04,44415.5
2023-03-05,38316.5
2023-03-06,24364.0
2023-03-07,56043.5
2023-03-08,18313.0
2023-03-09,24724.5
2023-03-10,24188.0
2023-03-11,41583.25
2023-03-12,36985.0
2023-03-13,67798.75
2023-03-14,46845.0
2023-03-15,40015.75
2023-03-16,43858.5
2023-03-17,25790.5
2023-03-18,36694.0
2023-03-19,38467.5
2023-03-20,18268.25
2023-03-21,16853.25
2023-03-22,45064.75
2023-03-23,48590.5
2023-03-24,47877.5
2023-03-25,65172.25
2023-03-26,34394.75
2023-03-27,52257.0
2023-03-28,46114.5
2023-03-29,24546.75
2023-03-30,53367.5
2023-03-31,33397.5
2023-04-01,63772.75
2023-04-02,45383.0
2023-04-03,46567.25
2023-04-04,41157.0
2023-04-05,39703.5
2023-04-06,38440.75
2023-04-07,34969.25
2023-04-08,13957.0
2023-04-09,45945.25
2023-04-10,61112.25
2023-04-11,48521.5
2023-04-12,39667.0
2023-04-13,58054.5
2023-04-14,19706.25
2023-04-15,34770.75
2023-04-16,25370.0
2023-04-17,23655.25
2023-04-18,32061.25
2023-04-19,51673.25
2023-04-20,26684.25
2023-04-21,52816.0
2023-04-22,37958.5
2023-04-23,48961.25
2023-04-24,41052.5
2023-04-25,46761.5
2023-04-26,36576.25
2023-04-27,33104.75
2023-04-28,18745.0
2023-04-29,37601.25
2023-04-30,53941.5
2023-05-01,46577.25
2023-05-02,40989.5
2023-05-03,34618.25
2023-05-04,37887.5
2023-05-05,31865.25
2023-05-06,36726.75
2023-05-07,56547.5
2023-05-08,24678.0
2023-05-09,38189.75
2023-05-10,33001.75
2023-05-11,12995.0
2023-05-12,24594.0
2023-05-13,41134.5
2023-05-14,46079.75
2023-05-15,20135.25
2023-05-16,38802.5
2023-05-17,53083.75
2023-05-18,44116.75
2023-05-19,37806.25
2023-05-20,52591.0
2023-05-21,51533.5
2023-05-22,28288.25
2023-05-23,31081.25
2023-05-24,23934.75
2023-05-25,29919.0
2023-05-26,42537.0
2023-05-27,43341.0
2023-05-28,50490.75
2023-05-29,52731.0
2023-05-30,23373.0
2023-05-31,32950.0
2023-06-01,31574.75
2023-06-02,30642.25
2023-06-03,42046.0
2023-06-04,47788.75
2023-06-05,32519.0
2023-06-06,29490.25
2023-06-07,31117.5
2023-06-08,30980.0
2023-06-09,28859.5
2023-06-10,35807.75
2023-06-11,58020.5
2023-06-12,29813.0
2023-06-13,28457.25
2023-06-14,30092.5
2023-06-15,26973.5
2023-06-16,23626.0
2023-06-17,28056.75
2023-06-18,32028.5
2023-06-19,34434.5
2023-06-20,24797.5
2023-06-21,27447.0
2023-06-22,20292.75
2023-06-23,23109.5
2023-06-24,28884.0
2023-06-25,33110.5
2023-06-26,33932.75
2023-06-27,30845.0
2023-06-28,27659.75
2023-06-29,21352.75
2023-06-30,16405.5
2023-07-01,38076.25
2023-07-02,45326.5
2023-07-03,30586.25
2023-07-04,22308.25
2023-07-05,26206.5
2023-07-06,18398.0
2023-07-07,17859.5
2023-07-08,30685.75
2023-07-09,26858.25
2023-07-10,17030.5
2023-07-11,26398.25
2023-07-12,26870.25
2023-07-13,21960.0
2023-07-14,21014.75
2023-07-15,33680.25
2023-07-16,47025.0
2023-07-17,28813.75
2023-07-18,19023.5
2023-07-19,16145.5
2023-07-20,21214.0
2023-07-21,13099.75
2023-07-22,34015.0
2023-07-23,44416.25
2023-07-24,17660.0
2023-07-25,18550.25
2023-07-26,29889.25
2023-07-27,15075.5
2023-07-28,16993.5
2023-07-29,27657.0
2023-07-30,45043.75
2023-07-31,30966.5
2023-08-01,31936.5
2023-08-02,24914.5
2023-08-03,46034.25
2023-08-04,20551.5
2023-08-05,29311.5
2023-08-06,35392.25
2023-08-07,41881.5
2023-08-08,40714.0
2023-08-09,33725.75
2023-08-10,25402.5
2023-08-11,29117.25
2023-08-12,26442.25
2023-08-13,42108.5
2023-08-14,25365.5
2023-08-15,32140.75
2023-08-16,27873.25
2023-08-17,24460.0
2023-08-18,30104.25
2023-08-19,35994.25
2023-08-20,38893.5
2023-08-21,28378.0
2023-08-22,39580.5
2023-08-23,37114.75
2023-08-24,28177.25
2023-08-25,21912.5
2023-08-26,38207.5
2023-08-27,31866.0
2023-08-28,18844.0
2023-08-29,31750.75
2023-08-30,25250.25
2023-08-31,28840.5
2023-09-01,22381.25
2023-09-02,28990.5
2023-09-03,38022.25
2023-09-04,28751.25
2023-09-05,27832.5
2023-09-06,32917.0
2023-09-07,33004.25
2023-09-08,31160.75
2023-09-09,32800.5
2023-09-10,34252.5
2023-09-11,36519.5
2023-09-12,33009.75
2023-09-13,29176.25
2023-09-14,37178.75
2023-09-15,37888.75
2023-09-16,26950.25
2023-09-17,34952.25
2023-09-18,28633.5
2023-09-19,53773.0
2023-09-20,48550.5
2023-09-21,31953.25
2023-09-22,38213.75
2023-09-23,39849.5
2023-09-24,46992.25
2023-09-25,41231.25
2023-09-26,33598.0
2023-09-27,30403.0
2023-09-28,45695.75
2023-09-29,27050.0
2023-09-30,28075.75
2023-10-01,41865.0
2023-10-02,34509.75
2023-10-03,56092.0
2023-10-04,42716.75
2023-10-05,38124.75
2023-10-06,40693.5
2023-10-07,60317.5
2023-10-08,29557.25
2023-10-09,26934.25
2023-10-10,27230.75
2023-10-11,64687.5
2023-10-12,31187.75
2023-10-13,37899.0
2023-10-14,59478.75
2023-10-15,60735.0
2023-10-16,31852.25
2023-10-17,24520.75
2023-10-18,30229.5
2023-10-19,33917.25
2023-10-20,38392.25
2023-10-21,58214.75
2023-10-22,56555.5
2023-10-23,22940.25
2023-10-24,33250.0
2023-10-25,39128.75
2023-10-26,29346.0
2023-10-27,26688.75
2023-10-28,39443.0
2023-10-29,65189.5
2023-10-30,28040.75
2023-10-31,37789.25
2023-11-01,34075.75
2023-11-02,44920.5
2023-11-03,27093.25
2023-11-04,45783.0
2023-11-05,53900.75
2023-11-06,44159.0
2023-11-07,34346.5
2023-11-08,46467.0
2023-11-09,35004.25
2023-11-10,32032.0
2023-11-11,32431.5
2023-11-12,28833.5
2023-11-13,24331.25
2023-11-14,41642.25
2023-11-15,34730.0
2023-11-16,34231.25
2023-11-17,27758.0
2023-11-18,14067.25
2023-11-19,57384.25
2023-11-20,30374.5
2023-11-21,22428.75
2023-11-22,27225.25
2023-11-23,39128.5
2023-11-24,30708.75
2023-11-25,38653.5
2023-11-26,21386.25
2023-11-27,23909.5
2023-11-28,32519.5
2023-11-29,39043.5
2023-11-30,34409.5
2023-12-01,30413.0
2023-12-02,21964.75
2023-12-03,29233.75
2023-12-04,30802.25
2023-12-05,32432.5
2023-12-06,29939.25
2023-12-07,32322.75
2023-12-08,26338.75
2023-12-09,15654.0
2023-12-10,45011.25
2023-12-11,23474.25
2023-12-12,30895.75
2023-12-13,31826.75
2023-12-14,24303.5
2023-12-15,19942.75
2023-12-16,40738.75
2023-12-17,44568.5
2023-12-18,25437.0
2023-12-19,26646.75
2023-12-20,32760.25
2023-12-21,36554.75
2023-12-22,50146.0
2023-12-23,37719.0
2023-12-24,56491.0
2023-12-25,41150.75
2023-12-26,45031.75
2023-12-27,17029.5
2023-12-28,44719.5
2023-12-29,48775.75
2023-12-30,36397.5
2023-12-31,44751.0
2024-01-01,47930.5
2024-01-02,27193.5
2024-01-03,37383.25
2024-01-04,29542.75
2024-01-05,16831.75
2024-01-06,14914.5
2024-01-07,27408.75
2024-01-08,29510.5
2024-01-09,25043.75
2024-01-10,25089.25
2024-01-11,24772.75
2024-01-12,23658.5
2024-01-13,9754.5
2024-01-14,26580.0
2024-01-15,29905.5
2024-01-16,26350.0
2024-01-17,30852.75
2024-01-18,23792.5
2024-01-19,26477.25
2024-01-20,25341.25
2024-01-21,26332.5
2024-01-22,38759.0
2024-01-23,38929.25
2024-01-24,45830.25
2024-01-25,30148.5
2024-01-26,26941.25
2024-01-27,35839.25
2024-01-28,41607.25
2024-01-29,17891.5
2024-01-30,19456.25
2024-01-31,25168.0
2024-02-01,35881.0
2024-02-02,25573.75
2024-02-03,40959.5
2024-02-04,58729.75
2024-02-05,38419.5
2024-02-06,39591.25
2024-02-07,29038.25
2024-02-08,19858.75
2024-02-09,24452.25
2024-02-10,14177.5
2024-02-11,41306.25
2024-02-12,21408.5
2024-02-13,35757.75
2024-02-14,20283.5
2024-02-15,18831.25
2024-02-16,26040.0
2024-02-17,25186.25
2024-02-18,50981.25
2024-02-19,19022.25
2024-02-20,21946.75
2024-02-21,36352.75
2024-02-22,34692.75
2024-02-23,41421.5
2024-02-24,30796.0
2024-02-25,38608.75
2024-02-26,29340.5
2024-02-27,20806.5
2024-02-28,27394.5
2024-02-29,31185.25
2024-03-01,20127.5
2024-03-02,36484.75
2024-03-03,35423.5
2024-03-04,17176.0
2024-03-05,26434.5
2024-03-06,20184.0
2024-03-07,19866.25
2024-03-08,39775.75
2024-03-09,43731.5
2024-03-10,41068.25
2024-03-11,21304.5
2024-03-12,18004.5
2024-03-13,23534.5
2024-03-14,35501.0
2024-03-15,37791.0
2024-03-16,50246.25
2024-03-17,36290.0
2024-03-18,23228.5
2024-03-19,33398.5
2024-03-20,29616.25
2024-03-21,19819.25
2024-03-22,37800.0
2024-03-23,44944.25
2024-03-24,67296.75
2024-03-25,19943.5
2024-03-26,23417.25
2024-03-27,32428.75
2024-03-28,35259.25
2024-03-29,60283.5
2024-03-30,29726.75
2024-03-31,41781.5
2024-04-01,26432.0
2024-04-02,68299.5
2024-04-03,23017.25
2024-04-04,41241.5
2024-04-05,38161.75
2024-04-06,44365.0
2024-04-07,68510.0
2024-04-08,37190.75
2024-04-09,33258.5
2024-04-10,52325.0
2024-04-11,42832.25
2024-04-12,41423.75
2024-04-13,53232.0
2024-04-14,67111.25
2024-04-15,32137.5
2024-04-16,48828.25
2024-04-17,31176.0
2024-04-18,30521.0
2024-04-19,45948.0
2024-04-20,46187.25
2024-04-21,48733.5
2024-04-22,27221.5
2024-04-23,30399.0
2024-04-24,32901.25
2024-04-25,29931.0
2024-04-26,24730.75
2024-04-27,33602.5
2024-04-28,51572.5
2024-04-29,29922.5
2024-04-30,29589.25
2024-05-01,47345.25
2024-05-02,53198.5
2024-05-03,25766.25
2024-05-04,35414.0
2024-05-05,46380.0
2024-05-06,20557.0
2024-05-07,19126.5
2024-05-08,28118.25
2024-05-09,39921.5
2024-05-10,37582.5
2024-05-11,38955.5
2024-05-12,50812.25
2024-05-13,37485.75
2024-05-14,41976.5
2024-05-15,38666.25
2024-05-16,46549.75
2024-05-17,38147.5
2024-05-18,35642.25
2024-05-19,43057.5
2024-05-20,42176.25
2024-05-21,35252.5
2024-05-22,43836.25
2024-05-23,37769.0
2024-05-24,17813.0
2024-05-25,37567.0
2024-05-26,48500.75
2024-05-27,30903.25
2024-05-28,29123.0
2024-05-29,44413.75
2024-05-30,25814.75
2024-05-31,25174.25
2024-06-01,36570.75
2024-06-02,56147.25
2024-06-03,27925.25
2024-06-04,38383.5
2024-06-05,38319.5
2024-06-06,33979.5
2024-06-07,35315.0
2024-06-08,40939.0
2024-06-09,55992.75
2024-06-10,34888.0
2024-06-11,44460.0
2024-06-12,34677.5
2024-06-13,28816.5
2024-06-14,25725.0
2024-06-15,58432.5
2024-06-16,58540.25
2024-06-17,38058.0
2024-06-18,20913.25
2024-06-19,26991.75
2024-06-20,31754.5
2024-06-21,24245.75
2024-06-22,54082.5
2024-06-23,42972.25
2024-06-24,37865.5
2024-06-25,38776.0
2024-06-26,34776.75
2024-06-27,39362.0
2024-06-28,48693.0
2024-06-29,39937.75
2024-06-30,52786.5
2024-07-01,25382.25
2024-07-02,26786.0
2024-07-03,22289.0
2024-07-04,50665.0
2024-07-05,48313.75
2024-07-06,66412.0
2024-07-07,48791.0
2024-07-08,36454.25
2024-07-09,35626.75
2024-07-10,36460.5
2024-07-11,33680.5
2024-07-12,21190.5
2024-07-13,44128.25
2024-07-14,55859.75
2024-07-15,35040.5
2024-07-16,44733.75
2024-07-17,46574.75
2024-07-18,34811.0
2024-07-19,34523.75
2024-07-20,41970.0
2024-07-21,46938.0
2024-07-22,44127.25
2024-07-23,34660.25
2024-07-24,46943.5
2024-07-25,41606.25
2024-07-26,35152.25
2024-07-27,32315.0
2024-07-28,53475.5
2024-07-29,44019.5
2024-07-30,39969.5
2024-07-31,34097.25
2024-08-01,27381.0
2024-08-02,31080.75
2024-08-03,43081.0
2024-08-04,51551.5
2024-08-05,41218.0
2024-08-06,40658.75
2024-08-07,36213.5
2024-08-08,40280.5
2024-08-09,57712.5
2024-08-10,52828.25
2024-08-11,49358.25
2024-08-12,42979.0
2024-08-13,52461.0
2024-08-14,21850.5
2024-08-15,41088.0
2024-08-16,39286.75
2024-08-17,37958.5
2024-08-18,38833.5
2024-08-19,33713.5
2024-08-20,28899.25
2024-08-21,47710.0
2024-08-22,45717.75
2024-08-23,65821.25
2024-08-24,48630.5
2024-08-25,66270.25
2024-08-26,41723.75
2024-08-27,43574.25
2024-08-28,39194.75
2024-08-29,39969.75
2024-08-30,27715.25
2024-08-31,40066.5
2024-09-01,50170.75
2024-09-02,26388.25
2024-09-03,32861.75
2024-09-04,24636.75
2024-09-05,36763.25
2024-09-06,35492.75
2024-09-07,36235.5
2024-09-08,40599.25
2024-09-09,28388.25
2024-09-10,62193.25
2024-09-11,42961.0
2024-09-12,32545.75
2024-09-13,26246.25
2024-09-14,55155.75
2024-09-15,45151.5
2024-09-16,17573.75
2024-09-17,31859.0
2024-09-18,32512.0
2024-09-19,33658.25
2024-09-20,45822.0
2024-09-21,34603.75
2024-09-22,34569.75
2024-09-23,27767.5
2024-09-24,25631.0
2024-09-25,43560.25
2024-09-26,37256.5
2024-09-27,66349.75
2024-09-28,54187.25
2024-09-29,44632.5
2024-09-30,66025.75
2024-10-01,37523.75
2024-10-02,36348.5
2024-10-03,37008.0
2024-10-04,32793.0
2024-10-05,29992.75
2024-10-06,53584.75
2024-10-07,45045.75
2024-10-08,34822.5
2024-10-09,45502.25
2024-10-10,49441.25
2024-10-11,41117.25
2024-10-12,34029.75
2024-10-13,68266.75
2024-10-14,20229.25
2024-10-15,23618.0
2024-10-16,50036.75
2024-10-17,33107.75
2024-10-18,14883.25
2024-10-19,14764.75
2024-10-20,44361.25
2024-10-21,33003.0
2024-10-22,32001.0
2024-10-23,19505.5
2024-10-24,19379.25
2024-10-25,29257.0
2024-10-26,19459.5
2024-10-27,47393.25
2024-10-28,32312.5
2024-10-29,18234.75
2024-10-30,22805.75
2024-10-31,12825.5
2024-11-01,47331.5
2024-11-02,21693.25
2024-11-03,32874.0
2024-11-04,20405.25
2024-11-05,29613.0
2024-11-06,24657.75
2024-11-07,26927.0
2024-11-08,20658.0
2024-11-09,21200.0
2024-11-10,23011.75
2024-11-11,29393.75
2024-11-12,35423.25
2024-11-13,32914.5
2024-11-14,32802.25
2024-11-15,21739.5
2024-11-16,28285.0
2024-11-17,47975.5
2024-11-18,30220.75
2024-11-19,29448.75
2024-11-20,38748.5
2024-11-21,28491.75
2024-11-22,18204.5
2024-11-23,26359.75
2024-11-24,66087.75
2024-11-25,26551.0
2024-11-26,32261.25
2024-11-27,29150.75
2024-11-28,40775.75
2024-11-29,16140.5
2024-11-30,36632.5
2024-12-01,23819.75
2024-12-02,36098.75
2024-12-03,41192.75
2024-12-04,27181.25
2024-12-05,26360.25
2024-12-06,42424.0
2024-12-07,46470.25
2024-12-08,26634.5
2024-12-09,42506.75
2024-12-10,29592.25
2024-12-11,42507.5
2024-12-12,41299.25
2024-12-13,39275.25
2024-12-14,9296.75
2024-12-15,38215.75
2024-12-16,42704.75
2024-12-17,33060.5
2024-12-18,34389.75
2024-12-19,52787.5
2024-12-20,38084.0
2024-12-21,48241.25
2024-12-22,43183.75
2024-12-23,45336.5
2024-12-24,26122.5
2024-12-25,43970.75
2024-12-26,21954.25
2024-12-27,18621.25
2024-12-28,18996.5
2024-12-29,12477.75
2024-12-30,27654.5
2024-12-31,24025.25
