Tag,Residuallast
2015-01-01,768472.25
2015-01-02,679205.75
2015-01-03,736911.75
2015-01-04,767345.5
2015-01-05,1172036.25
2015-01-06,1292393.25
2015-01-07,1310490.0
2015-01-08,1131985.25
2015-01-09,900819.75
2015-01-10,679079.25
2015-01-11,595527.5
2015-01-12,927555.25
2015-01-13,989571.0
2015-01-14,1127128.0
2015-01-15,1014653.75
2015-01-16,1243796.25
2015-01-17,1173343.75
2015-01-18,1080346.25
2015-01-19,1502904.25
2015-01-20,1567507.0
2015-01-21,1524692.25
2015-01-22,1529502.5
2015-01-23,1537337.0
2015-01-24,1228214.75
2015-01-25,1137210.75
2015-01-26,1351133.75
2015-01-27,1296978.75
2015-01-28,1170997.5
2015-01-29,1151969.5
2015-01-30,1459030.25
2015-01-31,1191630.75
2015-02-01,1105608.75
2015-02-02,1374310.0
2015-02-03,1491976.0
2015-02-04,1552732.25
2015-02-05,1475954.5
2015-02-06,1376421.25
2015-02-07,1083037.5
2015-02-08,816470.0
2015-02-09,1192198.75
2015-02-10,1421897.0
2015-02-11,1539637.25
2015-02-12,1528941.5
2015-02-13,1406086.25
2015-02-14,1163437.75
2015-02-15,982093.0
2015-02-16,1242247.25
2015-02-17,1473207.75
2015-02-18,1421280.5
2015-02-19,1293574.25
2015-02-20,1144866.0
2015-02-21,1007726.25
2015-02-22,1037043.75
2015-02-23,1171808.5
2015-02-24,1213745.0
2015-02-25,1376304.5
2015-02-26,1286352.5
2015-02-27,1340509.5
2015-02-28,1056571.0
2015-03-01,743517.5
2015-03-02,960116.0
2015-03-03,1021959.0
2015-03-04,1119935.5
2015-03-05,1320904.75
2015-03-06,1328957.0
2015-03-07,930736.5
2015-03-08,831270.0
2015-03-09,1288821.25
2015-03-10,1283786.0
2015-03-11,1275677.25
2015-03-12,1346497.25
2015-03-13,1268816.25
2015-03-14,1130311.25
2015-03-15,912207.75
2015-03-16,1037174.75
2015-03-17,1164042.0
2015-03-18,1208774.0
2015-03-19,1303066.25
2015-03-20,1316519.75
2015-03-21,1068312.0
2015-03-22,949388.5
2015-03-23,1291624.5
2015-03-24,1357917.0
2015-03-25,1248754.75
2015-03-26,1342475.0
2015-03-27,1197064.5
2015-03-28,956789.75
2015-03-29,614502.25
2015-03-30,877527.0
2015-03-31,851816.25
2015-04-01,844917.5
2015-04-02,986304.25
2015-04-03,851282.5
2015-04-04,986363.75
2015-04-05,853222.5
2015-04-06,912172.75
2015-04-07,1141910.75
2015-04-08,1241869.75
2015-04-09,1230563.0
2015-04-10,1189871.5
2015-04-11,772731.25
2015-04-12,663179.5
2015-04-13,902057.5
2015-04-14,1076871.75
2015-04-15,960214.5
2015-04-16,1144173.0
2015-04-17,1168049.5
2015-04-18,942961.25
2015-04-19,851362.0
2015-04-20,1079493.75
2015-04-21,997698.5
2015-04-22,1119615.5
2015-04-23,1159591.75
2015-04-24,1126023.0
2015-04-25,943304.25
2015-04-26,872421.75
2015-04-27,1172651.0
2015-04-28,1197466.5
2015-04-29,1095167.25
2015-04-30,1119758.5
2015-05-01,903299.5
2015-05-02,932062.0
2015-05-03,789875.75
2015-05-04,1050895.0
2015-05-05,941913.75
2015-05-06,985032.5
2015-05-07,971413.25
2015-05-08,1165965.5
2015-05-09,803028.5
2015-05-10,632118.0
2015-05-11,1038901.5
2015-05-12,982352.5
2015-05-13,982639.0
2015-05-14,860723.75
2015-05-15,1029790.75
2015-05-16,831944.5
2015-05-17,670560.75
2015-05-18,1043338.0
2015-05-19,1051809.25
2015-05-20,1207419.0
2015-05-21,1190541.5
2015-05-22,1162095.25
2015-05-23,972206.25
2015-05-24,837340.0
2015-05-25,849669.5
2015-05-26,1102264.25
2015-05-27,1150321.75
2015-05-28,975369.5
2015-05-29,1079739.75
2015-05-30,780901.25
2015-05-31,646993.5
2015-06-01,1060855.5
2015-06-02,817305.75
2015-06-03,878425.25
2015-06-04,934235.25
2015-06-05,940656.5
2015-06-06,800225.25
2015-06-07,755991.25
2015-06-08,1096532.25
2015-06-09,1203320.0
2015-06-10,1190694.75
2015-06-11,1172805.75
2015-06-12,1140992.5
2015-06-13,902724.0
2015-06-14,771296.5
2015-06-15,1104683.0
2015-06-16,1150217.75
2015-06-17,1069345.5
2015-06-18,1091205.0
2015-06-19,1056537.5
2015-06-20,907683.5
2015-06-21,884553.25
2015-06-22,1147341.5
2015-06-23,1085398.75
2015-06-24,1094945.5
2015-06-25,1172457.5
2015-06-26,1188801.5
2015-06-27,905805.25
2015-06-28,790577.25
2015-06-29,1126300.75
2015-06-30,1134592.25
2015-07-01,1060784.0
2015-07-02,1026694.75
2015-07-03,1157042.75
2015-07-04,938006.5
2015-07-05,845217.5
2015-07-06,1026185.5
2015-07-07,1153260.5
2015-07-08,897288.5
2015-07-09,851222.75
2015-07-10,937659.75
2015-07-11,927337.25
2015-07-12,827588.75
2015-07-13,1196908.25
2015-07-14,1196395.25
2015-07-15,1203728.25
2015-07-16,1201171.0
2015-07-17,1056480.5
2015-07-18,869893.0
2015-07-19,833377.75
2015-07-20,1103359.0
2015-07-21,1055281.75
2015-07-22,1186764.5
2015-07-23,1195041.5
2015-07-24,1126230.5
2015-07-25,625029.5
2015-07-26,605153.5
2015-07-27,964868.0
2015-07-28,834006.75
2015-07-29,867445.75
2015-07-30,838947.0
2015-07-31,1005932.25
2015-08-01,918897.0
2015-08-02,815759.5
2015-08-03,1012496.0
2015-08-04,1071499.5
2015-08-05,1097095.25
2015-08-06,1095637.75
2015-08-07,1110450.75
2015-08-08,902978.0
2015-08-09,837729.0
2015-08-10,1124122.75
2015-08-11,1140859.25
2015-08-12,1157059.5
2015-08-13,1020281.25
2015-08-14,1014107.0
2015-08-15,961820.25
2015-08-16,915808.75
2015-08-17,1157738.25
2015-08-18,1152690.25
2015-08-19,1216129.75
2015-08-20,1213758.0
2015-08-21,1118226.5
2015-08-22,852917.0
2015-08-23,601343.75
2015-08-24,999599.25
2015-08-25,880502.75
2015-08-26,947105.25
2015-08-27,1056981.75
2015-08-28,1182815.0
2015-08-29,960396.25
2015-08-30,873663.5
2015-08-31,1134157.5
2015-09-01,1126091.25
2015-09-02,1094585.0
2015-09-03,1196362.0
2015-09-04,1039576.25
2015-09-05,656716.0
2015-09-06,503110.0
2015-09-07,1131447.5
2015-09-08,1215129.25
2015-09-09,1170376.25
2015-09-10,1116194.75
2015-09-11,1105626.25
2015-09-12,919954.0
2015-09-13,865836.5
2015-09-14,1118405.75
2015-09-15,989880.0
2015-09-16,1074862.5
2015-09-17,937261.0
2015-09-18,1090395.75
2015-09-19,992969.25
2015-09-20,833764.25
2015-09-21,1167724.25
2015-09-22,1189401.25
2015-09-23,1292352.5
2015-09-24,1141677.5
2015-09-25,1223246.25
2015-09-26,1053675.25
2015-09-27,873218.5
2015-09-28,1190574.0
2015-09-29,1139139.5
2015-09-30,1130302.0
2015-10-01,1134188.25
2015-10-02,1149383.0
2015-10-03,904851.0
2015-10-04,953724.5
2015-10-05,1162614.0
2015-10-06,1112893.75
2015-10-07,1211089.5
2015-10-08,1347252.25
2015-10-09,1318873.25
2015-10-10,956602.75
2015-10-11,675697.75
2015-10-12,1074979.25
2015-10-13,1311955.75
2015-10-14,1366814.0
2015-10-15,1334774.0
2015-10-16,1380132.25
2015-10-17,1200872.5
2015-10-18,1095423.75
2015-10-19,1400658.0
2015-10-20,1429468.75
2015-10-21,1329344.0
2015-10-22,1200380.25
2015-10-23,1208904.5
2015-10-24,1047175.25
2015-10-25,1035570.75
2015-10-26,1226058.5
2015-10-27,1255548.0
2015-10-28,1279130.25
2015-10-29,1421691.75
2015-10-30,1345527.25
2015-10-31,968255.0
2015-11-01,973321.0
2015-11-02,1342274.5
2015-11-03,1394385.25
2015-11-04,1355944.25
2015-11-05,1311288.5
2015-11-06,1211360.5
2015-11-07,897713.25
2015-11-08,759375.75
2015-11-09,876282.0
2015-11-10,890559.5
2015-11-11,1072280.5
2015-11-12,1174520.5
2015-11-13,1022005.5
2015-11-14,674661.0
2015-11-15,655904.5
2015-11-16,1013274.5
2015-11-17,1046537.5
2015-11-18,804475.0
2015-11-19,865901.0
2015-11-20,1195095.75
2015-11-21,1090205.0
2015-11-22,914377.25
2015-11-23,1362203.75
2015-11-24,1172225.0
2015-11-25,1405858.5
2015-11-26,1457803.0
2015-11-27,1283706.5
2015-11-28,859872.75
2015-11-29,567790.5
2015-11-30,948509.5
2015-12-01,1145817.5
2015-12-02,1206481.75
2015-12-03,1237068.25
2015-12-04,1019246.5
2015-12-05,711818.5
2015-12-06,588414.5
2015-12-07,1349107.25
2015-12-08,1307464.5
2015-12-09,1260614.5
2015-12-10,1164777.75
2015-12-11,1037743.75
2015-12-12,873528.0
2015-12-13,890231.0
2015-12-14,1396875.0
2015-12-15,1446142.0
2015-12-16,1287309.0
2015-12-17,1132138.25
2015-12-18,1105766.75
2015-12-19,907751.25
2015-12-20,761502.25
2015-12-21,807311.25
2015-12-22,701271.0
2015-12-23,718573.0
2015-12-24,645366.0
2015-12-25,583678.75
2015-12-26,384972.25
2015-12-27,576290.75
2015-12-28,970961.25
2015-12-29,877723.25
2015-12-30,896634.5
2015-12-31,825332.25
2016-01-01,930884.5
2016-01-02,778859.75
2016-01-03,745832.75
2016-01-04,1136337.25
2016-01-05,1260735.0
2016-01-06,1267195.5
2016-01-07,1212183.75
2016-01-08,996030.0
2016-01-09,1073913.5
2016-01-10,845852.25
2016-01-11,1333480.25
2016-01-12,1252203.0
2016-01-13,1225695.75
2016-01-14,1289695.0
2016-01-15,1404194.75
2016-01-16,1209138.0
2016-01-17,1144777.25
2016-01-18,1494947.25
2016-01-19,1453867.0
2016-01-20,1503217.0
2016-01-21,1561784.75
2016-01-22,1385489.75
2016-01-23,1091998.25
2016-01-24,978540.75
2016-01-25,1185746.0
2016-01-26,1032968.5
2016-01-27,882138.5
2016-01-28,1033322.25
2016-01-29,840530.0
2016-01-30,633548.75
2016-01-31,706491.25
2016-02-01,972226.5
2016-02-02,848275.75
2016-02-03,996265.5
2016-02-04,1180537.25
2016-02-05,1241425.5
2016-02-06,832058.25
2016-02-07,646520.25
2016-02-08,724910.75
2016-02-09,908155.5
2016-02-10,1133759.0
2016-02-11,1173186.0
2016-02-12,1371978.25
2016-02-13,1125514.75
2016-02-14,914343.5
2016-02-15,1312989.5
2016-02-16,1460064.25
2016-02-17,1350338.25
2016-02-18,1414649.75
2016-02-19,1413663.75
2016-02-20,763069.5
2016-02-21,579033.25
2016-02-22,926428.5
2016-02-23,1221233.25
2016-02-24,1209954.5
2016-02-25,1331709.75
2016-02-26,1342580.25
2016-02-27,1072076.25
2016-02-28,952751.25
2016-02-29,1224507.75
2016-03-01,1299201.5
2016-03-02,1163540.75
2016-03-03,1392336.75
2016-03-04,1176803.75
2016-03-05,1170799.5
2016-03-06,1044998.75
2016-03-07,1367418.5
2016-03-08,1406326.0
2016-03-09,1183373.25
2016-03-10,1304014.5
2016-03-11,1344140.75
2016-03-12,1151343.0
2016-03-13,992684.75
2016-03-14,1248379.75
2016-03-15,1345756.0
2016-03-16,1165668.25
2016-03-17,1262818.5
2016-03-18,1245884.0
2016-03-19,1095721.5
2016-03-20,842006.75
2016-03-21,1101278.0
2016-03-22,1253675.25
2016-03-23,1299527.75
2016-03-24,1328164.5
2016-03-25,978353.25
2016-03-26,811259.75
2016-03-27,561318.5
2016-03-28,527735.0
2016-03-29,880327.0
2016-03-30,1085919.0
2016-03-31,1259909.75
2016-04-01,1245752.25
2016-04-02,905010.75
2016-04-03,866328.5
2016-04-04,1134591.5
2016-04-05,1215297.5
2016-04-06,951410.25
2016-04-07,990035.0
2016-04-08,1208990.0
2016-04-09,1025268.5
2016-04-10,812193.0
2016-04-11,1000766.5
2016-04-12,1189540.5
2016-04-13,1292832.0
2016-04-14,1264775.5
2016-04-15,1142383.5
2016-04-16,795818.5
2016-04-17,815570.5
2016-04-18,1029332.0
2016-04-19,905156.75
2016-04-20,1024490.75
2016-04-21,1104246.5
2016-04-22,1060816.75
2016-04-23,925430.5
2016-04-24,792265.5
2016-04-25,1074956.25
2016-04-26,1106814.75
2016-04-27,992174.25
2016-04-28,1125436.5
2016-04-29,968535.25
2016-04-30,882337.0
2016-05-01,721707.75
2016-05-02,1096619.0
2016-05-03,1093914.25
2016-05-04,1153991.0
2016-05-05,776204.75
2016-05-06,785966.5
2016-05-07,631189.0
2016-05-08,456982.75
2016-05-09,820092.75
2016-05-10,998328.0
2016-05-11,952010.75
2016-05-12,980410.0
2016-05-13,1052000.0
2016-05-14,670516.25
2016-05-15,526038.0
2016-05-16,687958.75
2016-05-17,1055332.25
2016-05-18,1183435.75
2016-05-19,1255003.25
2016-05-20,1089998.5
2016-05-21,880445.25
2016-05-22,684434.75
2016-05-23,1145240.75
2016-05-24,1182008.0
2016-05-25,1282372.75
2016-05-26,1031934.0
2016-05-27,1129907.0
2016-05-28,944869.25
2016-05-29,813585.0
2016-05-30,1027080.25
2016-05-31,1176472.5
2016-06-01,1152225.0
2016-06-02,1180032.0
2016-06-03,1148007.25
2016-06-04,952094.25
2016-06-05,849200.25
2016-06-06,1085494.25
2016-06-07,1133429.5
2016-06-08,1084509.5
2016-06-09,1139405.0
2016-06-10,991555.75
2016-06-11,982822.0
2016-06-12,867338.5
2016-06-13,1145261.0
2016-06-14,1194593.0
2016-06-15,1198503.75
2016-06-16,1230463.0
2016-06-17,1128354.5
2016-06-18,858172.75
2016-06-19,836949.25
2016-06-20,966879.5
2016-06-21,1139162.25
2016-06-22,1153918.75
2016-06-23,1047554.75
2016-06-24,1098589.0
2016-06-25,947058.75
2016-06-26,733362.5
2016-06-27,1043173.25
2016-06-28,1165644.5
2016-06-29,1009368.75
2016-06-30,1143814.75
2016-07-01,981899.75
2016-07-02,812960.0
2016-07-03,701962.25
2016-07-04,1124548.25
2016-07-05,972238.75
2016-07-06,784986.5
2016-07-07,1054516.0
2016-07-08,1025927.25
2016-07-09,782410.0
2016-07-10,695052.5
2016-07-11,900881.25
2016-07-12,1128016.25
2016-07-13,1211149.0
2016-07-14,1001995.0
2016-07-15,929771.5
2016-07-16,877695.0
2016-07-17,825662.75
2016-07-18,1070565.5
2016-07-19,1149741.0
2016-07-20,1069204.0
2016-07-21,1182244.75
2016-07-22,1146846.5
2016-07-23,992497.0
2016-07-24,887576.75
2016-07-25,1168135.25
2016-07-26,1203792.75
2016-07-27,1163768.75
2016-07-28,1187488.75
2016-07-29,1079265.25
2016-07-30,869734.0
2016-07-31,897741.75
2016-08-01,997973.25
2016-08-02,1195665.0
2016-08-03,1011569.5
2016-08-04,992338.75
2016-08-05,1092613.5
2016-08-06,825947.0
2016-08-07,625721.25
2016-08-08,802897.5
2016-08-09,1044372.0
2016-08-10,1039132.0
2016-08-11,999545.0
2016-08-12,1092823.75
2016-08-13,706083.75
2016-08-14,775196.5
2016-08-15,1039634.75
2016-08-16,1096884.75
2016-08-17,1106284.75
2016-08-18,1144514.5
2016-08-19,1137705.5
2016-08-20,911680.25
2016-08-21,682265.5
2016-08-22,1053497.75
2016-08-23,1147783.0
2016-08-24,1090922.25
2016-08-25,1024692.5
2016-08-26,1056497.0
2016-08-27,933012.75
2016-08-28,708733.0
2016-08-29,1042864.0
2016-08-30,1108423.5
2016-08-31,1131398.0
2016-09-01,1166649.75
2016-09-02,1098954.0
2016-09-03,906091.75
2016-09-04,742336.5
2016-09-05,1111857.0
2016-09-06,1172256.75
2016-09-07,1126439.5
2016-09-08,1113628.5
2016-09-09,1151490.75
2016-09-10,938547.25
2016-09-11,838083.75
2016-09-12,1121423.0
2016-09-13,1098526.0
2016-09-14,1020150.25
2016-09-15,982118.25
2016-09-16,1164688.0
2016-09-17,940477.75
2016-09-18,803550.5
2016-09-19,1230155.5
2016-09-20,1275345.5
2016-09-21,1206842.5
2016-09-22,1190979.75
2016-09-23,1166024.75
2016-09-24,921419.25
2016-09-25,721287.25
2016-09-26,1194379.75
2016-09-27,1213658.75
2016-09-28,868945.5
2016-09-29,787975.25
2016-09-30,1061640.5
2016-10-01,1003224.25
2016-10-02,816307.25
2016-10-03,835569.0
2016-10-04,979911.25
2016-10-05,973812.25
2016-10-06,1107943.5
2016-10-07,1263867.5
2016-10-08,1040623.25
2016-10-09,999170.75
2016-10-10,1348549.0
2016-10-11,1268886.0
2016-10-12,1243839.25
2016-10-13,1131068.75
2016-10-14,974577.0
2016-10-15,946869.5
2016-10-16,912552.0
2016-10-17,1247614.75
2016-10-18,1293544.5
2016-10-19,1254751.0
2016-10-20,1310921.75
2016-10-21,1330470.0
2016-10-22,1121044.75
2016-10-23,1017028.5
2016-10-24,1321357.25
2016-10-25,1419045.5
2016-10-26,1381219.0
2016-10-27,1234955.0
2016-10-28,1050635.0
2016-10-29,910134.5
2016-10-30,993972.5
2016-10-31,1200918.0
2016-11-01,995194.75
2016-11-02,1034827.75
2016-11-03,1344855.0
2016-11-04,1209019.0
2016-11-05,1109184.0
2016-11-06,983028.25
2016-11-07,1328972.25
2016-11-08,1429755.0
2016-11-09,1414036.25
2016-11-10,1425178.5
2016-11-11,1427297.0
2016-11-12,1209580.75
2016-11-13,1050599.75
2016-11-14,1248332.75
2016-11-15,1216566.0
2016-11-16,1191279.5
2016-11-17,1037814.25
2016-11-18,891452.25
2016-11-19,916244.25
2016-11-20,547962.5
2016-11-21,1113753.0
2016-11-22,1269421.25
2016-11-23,1428824.75
2016-11-24,1305633.75
2016-11-25,1374930.75
2016-11-26,1186315.5
2016-11-27,927495.0
2016-11-28,1292638.75
2016-11-29,1347359.75
2016-11-30,1112495.5
2016-12-01,952671.75
2016-12-02,1219332.25
2016-12-03,1228631.5
2016-12-04,1143150.75
2016-12-05,1474474.75
2016-12-06,1538611.75
2016-12-07,1340709.0
2016-12-08,1105172.0
2016-12-09,1127459.25
2016-12-10,893050.0
2016-12-11,718930.25
2016-12-12,1369744.75
2016-12-13,1472716.75
2016-12-14,1505451.75
2016-12-15,1397850.75
2016-12-16,1396768.75
2016-12-17,1259158.5
2016-12-18,1123748.0
2016-12-19,1448950.0
2016-12-20,1380899.5
2016-12-21,1241145.5
2016-12-22,1242483.5
2016-12-23,1013271.75
2016-12-24,522488.5
2016-12-25,389878.5
2016-12-26,392563.0
2016-12-27,612395.25
2016-12-28,1032916.0
2016-12-29,1072491.0
2016-12-30,994965.0
2016-12-31,857400.0
2017-01-01,793667.0
2017-01-02,1136613.25
2017-01-03,892353.75
2017-01-04,866080.25
2017-01-05,1245941.75
2017-01-06,1352652.75
2017-01-07,1145156.0
2017-01-08,1236057.75
2017-01-09,1409870.75
2017-01-10,1340670.75
2017-01-11,1032988.5
2017-01-12,1012473.5
2017-01-13,1091341.75
2017-01-14,892347.25
2017-01-15,1033710.75
2017-01-16,1513542.75
2017-01-17,1550365.25
2017-01-18,1484071.5
2017-01-19,1492146.0
2017-01-20,1473905.0
2017-01-21,1276675.25
2017-01-22,1205458.0
2017-01-23,1566878.0
2017-01-24,1627713.75
2017-01-25,1581604.0
2017-01-26,1367966.75
2017-01-27,1307168.0
2017-01-28,1137813.0
2017-01-29,943931.75
2017-01-30,1253041.25
2017-01-31,1470733.25
2017-02-01,1386830.25
2017-02-02,1317154.75
2017-02-03,1363077.5
2017-02-04,1091000.5
2017-02-05,1071945.25
2017-02-06,1391475.5
2017-02-07,1340256.25
2017-02-08,1376412.0
2017-02-09,1392978.0
2017-02-10,1304985.25
2017-02-11,1011387.5
2017-02-12,897809.5
2017-02-13,1180103.25
2017-02-14,1287157.0
2017-02-15,1379483.25
2017-02-16,1211943.75
2017-02-17,1270608.0
2017-02-18,1142831.25
2017-02-19,837718.25
2017-02-20,896889.0
2017-02-21,951632.25
2017-02-22,748285.5
2017-02-23,829849.25
2017-02-24,923399.0
2017-02-25,824953.75
2017-02-26,587835.0
2017-02-27,836254.75
2017-02-28,886960.5
2017-03-01,1031534.0
2017-03-02,847860.75
2017-03-03,1086198.0
2017-03-04,922995.75
2017-03-05,745917.75
2017-03-06,1222214.5
2017-03-07,1408344.75
2017-03-08,1172249.75
2017-03-09,1175615.5
2017-03-10,1078013.25
2017-03-11,1032159.75
2017-03-12,705554.0
2017-03-13,1225955.25
2017-03-14,1129117.25
2017-03-15,1062954.0
2017-03-16,1100378.5
2017-03-17,864460.5
2017-03-18,580196.25
2017-03-19,670698.25
2017-03-20,880809.0
2017-03-21,1013593.25
2017-03-22,1267894.25
2017-03-23,1201077.0
2017-03-24,1208464.5
2017-03-25,868609.25
2017-03-26,824669.5
2017-03-27,1172311.75
2017-03-28,1176238.0
2017-03-29,992147.75
2017-03-30,1108930.25
2017-03-31,979950.25
2017-04-01,962905.25
2017-04-02,841466.75
2017-04-03,1212433.75
2017-04-04,1250826.0
2017-04-05,1043023.0
2017-04-06,934171.5
2017-04-07,923130.25
2017-04-08,997879.0
2017-04-09,835685.5
2017-04-10,776011.5
2017-04-11,946464.0
2017-04-12,797231.75
2017-04-13,847420.5
2017-04-14,753619.25
2017-04-15,568818.75
2017-04-16,632819.25
2017-04-17,778376.25
2017-04-18,1036451.0
2017-04-19,1179449.25
2017-04-20,1192171.25
2017-04-21,906509.25
2017-04-22,617520.25
2017-04-23,621935.25
2017-04-24,927745.75
2017-04-25,1141089.5
2017-04-26,1325722.5
2017-04-27,1260218.0
2017-04-28,1260501.5
2017-04-29,950767.25
2017-04-30,470561.75
2017-05-01,537846.5
2017-05-02,961163.5
2017-05-03,1054273.25
2017-05-04,1046832.0
2017-05-05,1202046.25
2017-05-06,950495.75
2017-05-07,913814.5
2017-05-08,1098457.0
2017-05-09,1198967.5
2017-05-10,1101659.25
2017-05-11,1037268.25
2017-05-12,1046825.5
2017-05-13,949265.25
2017-05-14,836270.75
2017-05-15,1118391.25
2017-05-16,1125205.5
2017-05-17,1056816.75
2017-05-18,1036400.5
2017-05-19,1090375.25
2017-05-20,837552.0
2017-05-21,802133.25
2017-05-22,1093888.25
2017-05-23,997593.25
2017-05-24,979651.25
2017-05-25,763781.0
2017-05-26,910599.5
2017-05-27,722002.75
2017-05-28,680221.5
2017-05-29,1130928.0
2017-05-30,1075842.75
2017-05-31,914976.75
2017-06-01,1074159.0
2017-06-02,1134990.0
2017-06-03,904434.5
2017-06-04,680504.75
2017-06-05,765360.0
2017-06-06,815132.75
2017-06-07,595358.0
2017-06-08,901245.0
2017-06-09,988100.5
2017-06-10,877704.75
2017-06-11,670622.0
2017-06-12,747122.0
2017-06-13,918657.75
2017-06-14,1072213.5
2017-06-15,873528.5
2017-06-16,686808.0
2017-06-17,723001.75
2017-06-18,802513.25
2017-06-19,1117647.5
2017-06-20,1082369.5
2017-06-21,1144637.0
2017-06-22,1024984.75
2017-06-23,832694.0
2017-06-24,661156.25
2017-06-25,634525.25
2017-06-26,974093.25
2017-06-27,1174308.0
2017-06-28,1011503.25
2017-06-29,1131521.75
2017-06-30,867925.5
2017-07-01,758578.5
2017-07-02,662153.0
2017-07-03,892887.5
2017-07-04,1014961.25
2017-07-05,1178706.0
2017-07-06,1168640.75
2017-07-07,1104570.25
2017-07-08,893987.25
2017-07-09,862194.0
2017-07-10,1186741.0
2017-07-11,1091749.25
2017-07-12,1022074.25
2017-07-13,976488.75
2017-07-14,1151884.5
2017-07-15,920824.75
2017-07-16,755856.0
2017-07-17,1087155.25
2017-07-18,1119269.0
2017-07-19,982427.25
2017-07-20,1105500.5
2017-07-21,1063157.75
2017-07-22,847359.25
2017-07-23,695936.5
2017-07-24,1174522.25
2017-07-25,1048631.25
2017-07-26,1049547.0
2017-07-27,1101483.0
2017-07-28,906810.0
2017-07-29,689660.25
2017-07-30,555019.0
2017-07-31,1029177.75
2017-08-01,1116845.25
2017-08-02,1118344.75
2017-08-03,899409.5
2017-08-04,772806.0
2017-08-05,760613.75
2017-08-06,677841.0
2017-08-07,981529.25
2017-08-08,981985.75
2017-08-09,983365.25
2017-08-10,1195248.0
2017-08-11,1193977.0
2017-08-12,765571.0
2017-08-13,762830.5
2017-08-14,981957.25
2017-08-15,960891.0
2017-08-16,1145704.75
2017-08-17,1035890.0
2017-08-18,1061755.5
2017-08-19,649830.25
2017-08-20,569913.25
2017-08-21,954433.75
2017-08-22,1087884.0
2017-08-23,1086179.5
2017-08-24,1034897.5
2017-08-25,1096834.5
2017-08-26,957726.5
2017-08-27,777073.5
2017-08-28,1133086.5
2017-08-29,1098475.75
2017-08-30,1078127.0
2017-08-31,1097214.75
2017-09-01,1222270.25
2017-09-02,989284.0
2017-09-03,873731.0
2017-09-04,1096338.75
2017-09-05,1148440.0
2017-09-06,944967.25
2017-09-07,942759.5
2017-09-08,820416.5
2017-09-09,829601.25
2017-09-10,686246.75
2017-09-11,719660.25
2017-09-12,863727.75
2017-09-13,637598.75
2017-09-14,748935.25
2017-09-15,939199.25
2017-09-16,1008311.75
2017-09-17,939217.75
2017-09-18,1229496.75
2017-09-19,1251706.5
2017-09-20,1196940.0
2017-09-21,1239382.0
2017-09-22,1264168.0
2017-09-23,1050801.0
2017-09-24,961382.75
2017-09-25,1217027.25
2017-09-26,1199999.5
2017-09-27,1194020.75
2017-09-28,1223111.25
2017-09-29,1159083.5
2017-09-30,920258.5
2017-10-01,810637.75
2017-10-02,701806.25
2017-10-03,636688.75
2017-10-04,748188.75
2017-10-05,668189.25
2017-10-06,801720.25
2017-10-07,570582.0
2017-10-08,741410.0
2017-10-09,1209528.25
2017-10-10,1145326.5
2017-10-11,921218.0
2017-10-12,771855.25
2017-10-13,1058994.5
2017-10-14,818165.25
2017-10-15,777081.75
2017-10-16,1052682.5
2017-10-17,1087140.25
2017-10-18,1296281.25
2017-10-19,1227863.0
2017-10-20,1048496.5
2017-10-21,927683.75
2017-10-22,675812.25
2017-10-23,1161740.25
2017-10-24,1191612.0
2017-10-25,983154.0
2017-10-26,1103842.0
2017-10-27,896528.25
2017-10-28,477666.25
2017-10-29,438734.25
2017-10-30,853965.0
2017-10-31,904920.5
2017-11-01,897893.75
2017-11-02,1058584.5
2017-11-03,1292257.75
2017-11-04,926036.25
2017-11-05,884748.5
2017-11-06,1334840.0
2017-11-07,1351221.0
2017-11-08,1437016.0
2017-11-09,1315754.75
2017-11-10,916596.5
2017-11-11,782322.25
2017-11-12,973279.25
2017-11-13,1265625.25
2017-11-14,1223321.75
2017-11-15,1391079.0
2017-11-16,1367514.25
2017-11-17,1303646.25
2017-11-18,755373.0
2017-11-19,503273.75
2017-11-20,1150798.0
2017-11-21,1251166.75
2017-11-22,925347.75
2017-11-23,813960.0
2017-11-24,1171413.5
2017-11-25,1099881.25
2017-11-26,664753.0
2017-11-27,860288.0
2017-11-28,1068282.5
2017-11-29,1457268.5
2017-11-30,1516664.5
2017-12-01,1494934.25
2017-12-02,1251700.0
2017-12-03,935563.0
2017-12-04,1144109.5
2017-12-05,1042103.75
2017-12-06,994742.5
2017-12-07,869153.0
2017-12-08,944426.0
2017-12-09,700579.0
2017-12-10,695996.0
2017-12-11,1197370.5
2017-12-12,1052021.75
2017-12-13,920884.75
2017-12-14,942243.0
2017-12-15,1364827.5
2017-12-16,1099394.25
2017-12-17,1035305.5
2017-12-18,1418744.0
2017-12-19,1474882.25
2017-12-20,1456346.0
2017-12-21,1254941.5
2017-12-22,1189309.0
2017-12-23,539390.5
2017-12-24,328912.0
2017-12-25,509767.5
2017-12-26,399976.25
2017-12-27,849733.0
2017-12-28,807205.0
2017-12-29,692984.5
2017-12-30,507135.0
2017-12-31,388561.0
2018-01-01,428246.25
2018-01-02,942522.0
2018-01-03,639316.75
2018-01-04,938065.25
2018-01-05,947341.0
2018-01-06,1060330.75
2018-01-07,848441.75
2018-01-08,1015546.5
2018-01-09,1059616.5
2018-01-10,1367332.0
2018-01-11,1504449.0
2018-01-12,1416154.25
2018-01-13,1041773.0
2018-01-14,863823.5
2018-01-15,896449.75
2018-01-16,950215.5
2018-01-17,990724.25
2018-01-18,956673.0
2018-01-19,1245519.25
2018-01-20,1135793.0
2018-01-21,1145285.75
2018-01-22,1255522.0
2018-01-23,1206474.0
2018-01-24,842560.25
2018-01-25,1128138.0
2018-01-26,1440762.0
2018-01-27,1029676.25
2018-01-28,431221.0
2018-01-29,696408.25
2018-01-30,1063141.5
2018-01-31,908958.5
2018-02-01,1065230.0
2018-02-02,1176197.5
2018-02-03,1207043.0
2018-02-04,1007424.75
2018-02-05,1316671.25
2018-02-06,1440955.0
2018-02-07,1500555.0
2018-02-08,1470524.75
2018-02-09,1355099.25
2018-02-10,1206565.25
2018-02-11,673469.75
2018-02-12,1043752.0
2018-02-13,1208693.25
2018-02-14,1172729.5
2018-02-15,1104957.75
2018-02-16,1172368.25
2018-02-17,1260892.5
2018-02-18,1085665.5
2018-02-19,1428559.25
2018-02-20,1422362.25
2018-02-21,1355995.25
2018-02-22,1263451.5
2018-02-23,1148733.75
2018-02-24,743648.75
2018-02-25,857946.25
2018-02-26,1178945.75
2018-02-27,1266268.75
2018-02-28,1066238.25
2018-03-01,882299.25
2018-03-02,1059769.25
2018-03-03,968745.0
2018-03-04,827306.5
2018-03-05,1135042.25
2018-03-06,1343212.75
2018-03-07,1354259.75
2018-03-08,1025588.0
2018-03-09,1120205.25
2018-03-10,976375.0
2018-03-11,866173.25
2018-03-12,1246699.0
2018-03-13,1079955.25
2018-03-14,1307352.25
2018-03-15,851356.0
2018-03-16,950779.25
2018-03-17,613607.0
2018-03-18,532557.5
2018-03-19,1204179.5
2018-03-20,1163819.75
2018-03-21,1251863.5
2018-03-22,1144235.0
2018-03-23,1396642.0
2018-03-24,1085663.25
2018-03-25,945855.75
2018-03-26,1341756.0
2018-03-27,1284452.5
2018-03-28,1096715.25
2018-03-29,1055907.5
2018-03-30,747483.75
2018-03-31,833219.0
2018-04-01,702587.5
2018-04-02,754881.25
2018-04-03,871536.5
2018-04-04,974044.25
2018-04-05,775178.25
2018-04-06,935654.0
2018-04-07,591826.75
2018-04-08,743072.0
2018-04-09,1105949.5
2018-04-10,894860.0
2018-04-11,927805.75
2018-04-12,854591.25
2018-04-13,1051985.75
2018-04-14,808368.5
2018-04-15,886170.0
2018-04-16,1195376.75
2018-04-17,1115925.25
2018-04-18,1083732.25
2018-04-19,998789.0
2018-04-20,985376.25
2018-04-21,903657.25
2018-04-22,724319.0
2018-04-23,863543.25
2018-04-24,914213.25
2018-04-25,816368.25
2018-04-26,879999.5
2018-04-27,1035044.25
2018-04-28,837723.0
2018-04-29,715162.75
2018-04-30,539301.0
2018-05-01,413100.0
2018-05-02,1016477.75
2018-05-03,1066528.0
2018-05-04,1051262.75
2018-05-05,774233.5
2018-05-06,616997.25
2018-05-07,921201.25
2018-05-08,884338.75
2018-05-09,980151.0
2018-05-10,747351.75
2018-05-11,1016697.5
2018-05-12,810426.0
2018-05-13,582175.5
2018-05-14,894091.25
2018-05-15,1049481.5
2018-05-16,1067382.0
2018-05-17,894548.25
2018-05-18,1092876.25
2018-05-19,946988.5
2018-05-20,581238.0
2018-05-21,440470.5
2018-05-22,996016.0
2018-05-23,1017232.0
2018-05-24,959615.25
2018-05-25,950922.25
2018-05-26,845994.0
2018-05-27,740619.0
2018-05-28,1022086.5
2018-05-29,974607.0
2018-05-30,1110452.5
2018-05-31,931013.75
2018-06-01,1019834.75
2018-06-02,910024.0
2018-06-03,837535.5
2018-06-04,1070922.75
2018-06-05,1140421.0
2018-06-06,1012939.0
2018-06-07,1106640.5
2018-06-08,1154744.75
2018-06-09,944440.75
2018-06-10,825811.25
2018-06-11,1091203.5
2018-06-12,1110396.75
2018-06-13,1126532.5
2018-06-14,1042846.0
2018-06-15,1186290.5
2018-06-16,929431.0
2018-06-17,706611.0
2018-06-18,1057524.75
2018-06-19,1097337.25
2018-06-20,1061279.0
2018-06-21,811221.0
2018-06-22,692567.25
2018-06-23,560279.5
2018-06-24,708259.5
2018-06-25,1037520.5
2018-06-26,1148972.75
2018-06-27,1068789.75
2018-06-28,1071054.25
2018-06-29,1011103.75
2018-06-30,706482.75
2018-07-01,537522.75
2018-07-02,979775.75
2018-07-03,1111796.25
2018-07-04,1207031.5
2018-07-05,1152622.75
2018-07-06,999035.25
2018-07-07,675180.25
2018-07-08,685551.25
2018-07-09,901605.25
2018-07-10,1085162.75
2018-07-11,1128193.5
2018-07-12,1074133.0
2018-07-13,1013177.0
2018-07-14,867466.5
2018-07-15,791654.0
2018-07-16,1080443.0
2018-07-17,1064042.0
2018-07-18,963124.25
2018-07-19,1040048.25
2018-07-20,1072201.0
2018-07-21,947255.0
2018-07-22,856937.75
2018-07-23,1121627.25
2018-07-24,1151095.25
2018-07-25,1149489.0
2018-07-26,1066297.0
2018-07-27,970490.0
2018-07-28,798977.5
2018-07-29,742652.75
2018-07-30,1075854.5
2018-07-31,1070388.75
2018-08-01,1135832.5
2018-08-02,1144609.75
2018-08-03,1122379.5
2018-08-04,911134.75
2018-08-05,709768.25
2018-08-06,1064957.5
2018-08-07,1088003.5
2018-08-08,972909.75
2018-08-09,996734.5
2018-08-10,794629.25
2018-08-11,592985.75
2018-08-12,714007.0
2018-08-13,1061598.25
2018-08-14,946918.5
2018-08-15,1074357.75
2018-08-16,1007715.5
2018-08-17,1056452.5
2018-08-18,837075.75
2018-08-19,720951.25
2018-08-20,1047675.75
2018-08-21,1173969.0
2018-08-22,1117123.25
2018-08-23,1125529.0
2018-08-24,970845.25
2018-08-25,800265.75
2018-08-26,677505.5
2018-08-27,774199.25
2018-08-28,1132392.0
2018-08-29,1068562.0
2018-08-30,1013847.0
2018-08-31,1105568.25
2018-09-01,947726.0
2018-09-02,838818.25
2018-09-03,1131913.5
2018-09-04,1189569.75
2018-09-05,1162923.75
2018-09-06,1155915.75
2018-09-07,1096253.75
2018-09-08,747923.75
2018-09-09,762358.0
2018-09-10,1068831.0
2018-09-11,882889.75
2018-09-12,1059047.25
2018-09-13,1263184.0
2018-09-14,1158046.5
2018-09-15,818123.5
2018-09-16,746725.75
2018-09-17,1085573.75
2018-09-18,940813.0
2018-09-19,981209.25
2018-09-20,990654.5
2018-09-21,688203.0
2018-09-22,569364.5
2018-09-23,733552.25
2018-09-24,703687.5
2018-09-25,1090933.0
2018-09-26,855049.0
2018-09-27,994910.25
2018-09-28,968574.5
2018-09-29,858124.25
2018-09-30,741930.75
2018-10-01,1015583.75
2018-10-02,760676.25
2018-10-03,512395.5
2018-10-04,1081350.0
2018-10-05,1028778.5
2018-10-06,901142.25
2018-10-07,791643.75
2018-10-08,1097407.75
2018-10-09,1157244.0
2018-10-10,1073410.0
2018-10-11,955876.5
2018-10-12,980802.5
2018-10-13,730360.75
2018-10-14,592121.75
2018-10-15,1117295.5
2018-10-16,1274602.75
2018-10-17,1266075.5
2018-10-18,1225738.5
2018-10-19,1281681.75
2018-10-20,1050927.5
2018-10-21,919245.5
2018-10-22,1088825.25
2018-10-23,723129.5
2018-10-24,831621.25
2018-10-25,905634.5
2018-10-26,1039475.0
2018-10-27,879799.0
2018-10-28,764039.0
2018-10-29,954988.5
2018-10-30,787852.75
2018-10-31,921594.0
2018-11-01,984289.25
2018-11-02,1015238.75
2018-11-03,1033254.5
2018-11-04,943200.0
2018-11-05,1202302.0
2018-11-06,1185882.0
2018-11-07,1157333.5
2018-11-08,1272129.25
2018-11-09,1208103.0
2018-11-10,778358.25
2018-11-11,615316.0
2018-11-12,1101435.5
2018-11-13,1015718.5
2018-11-14,1229572.0
2018-11-15,1300915.0
2018-11-16,1092517.75
2018-11-17,829415.75
2018-11-18,789921.25
2018-11-19,877252.75
2018-11-20,835546.25
2018-11-21,1155227.5
2018-11-22,1351777.0
2018-11-23,1404334.75
2018-11-24,1200435.5
2018-11-25,1044808.25
2018-11-26,1270651.75
2018-11-27,1413241.0
2018-11-28,1077969.0
2018-11-29,916908.0
2018-11-30,1105210.0
2018-12-01,879519.0
2018-12-02,598870.25
2018-12-03,914853.25
2018-12-04,1045969.5
2018-12-05,1228778.0
2018-12-06,1103424.5
2018-12-07,795116.25
2018-12-08,369166.25
2018-12-09,376950.0
2018-12-10,725687.75
2018-12-11,1089320.5
2018-12-12,1409973.0
2018-12-13,1326051.0
2018-12-14,1410265.75
2018-12-15,1126379.25
2018-12-16,992057.5
2018-12-17,1348549.25
2018-12-18,1222805.5
2018-12-19,1106982.75
2018-12-20,1133088.0
2018-12-21,702560.75
2018-12-22,705941.0
2018-12-23,737377.5
2018-12-24,781147.5
2018-12-25,555896.25
2018-12-26,698387.75
2018-12-27,967900.25
2018-12-28,1023154.0
2018-12-29,722339.75
2018-12-30,544486.5
2018-12-31,922730.5
2019-01-01,277981.25
2019-01-02,669048.5
2019-01-03,1150431.75
2019-01-04,948617.25
2019-01-05,700158.25
2019-01-06,942618.0
2019-01-07,1074073.25
2019-01-08,627897.5
2019-01-09,834090.75
2019-01-10,1388271.5
2019-01-11,1110361.25
2019-01-12,641783.25
2019-01-13,371505.75
2019-01-14,701196.75
2019-01-15,763000.0
2019-01-16,846419.0
2019-01-17,857060.5
2019-01-18,1260207.25
2019-01-19,1164215.0
2019-01-20,1164890.25
2019-01-21,1416758.0
2019-01-22,1326498.0
2019-01-23,1456024.5
2019-01-24,1568968.25
2019-01-25,1425908.0
2019-01-26,901463.5
2019-01-27,660304.25
2019-01-28,1067981.25
2019-01-29,1219274.25
2019-01-30,1139282.25
2019-01-31,1298051.5
2019-02-01,1222683.75
2019-02-02,1234196.75
2019-02-03,978430.0
2019-02-04,1045350.5
2019-02-05,1221195.5
2019-02-06,1191735.75
2019-02-07,994711.0
2019-02-08,754443.75
2019-02-09,381436.0
2019-02-10,434906.75
2019-02-11,730830.5
2019-02-12,1070022.75
2019-02-13,1052070.75
2019-02-14,1271031.25
2019-02-15,1196999.0
2019-02-16,799772.25
2019-02-17,863435.5
2019-02-18,1095965.75
2019-02-19,914298.0
2019-02-20,1097844.5
2019-02-21,1064194.5
2019-02-22,1224793.25
2019-02-23,959279.5
2019-02-24,950406.5
2019-02-25,1215967.0
2019-02-26,1267997.5
2019-02-27,1173328.0
2019-02-28,930910.75
2019-03-01,1245225.5
2019-03-02,998086.0
2019-03-03,305596.25
2019-03-04,472920.0
2019-03-05,695426.5
2019-03-06,810729.5
2019-03-07,600282.5
2019-03-08,600914.75
2019-03-09,320538.0
2019-03-10,602408.25
2019-03-11,788095.0
2019-03-12,739246.75
2019-03-13,524468.25
2019-03-14,637740.5
2019-03-15,581623.25
2019-03-16,453835.5
2019-03-17,322470.0
2019-03-18,663302.5
2019-03-19,1167129.75
2019-03-20,1111823.25
2019-03-21,1116921.75
2019-03-22,1173284.75
2019-03-23,888148.75
2019-03-24,833839.5
2019-03-25,775785.5
2019-03-26,958886.5
2019-03-27,1157737.5
2019-03-28,1248754.5
2019-03-29,1099508.75
2019-03-30,839179.25
2019-03-31,670752.0
2019-04-01,891577.75
2019-04-02,851462.75
2019-04-03,1157288.75
2019-04-04,1211851.0
2019-04-05,1247517.75
2019-04-06,858580.0
2019-04-07,741607.75
2019-04-08,1042992.5
2019-04-09,1020488.0
2019-04-10,995509.25
2019-04-11,1052057.25
2019-04-12,1129668.0
2019-04-13,865726.25
2019-04-14,722740.0
2019-04-15,810281.75
2019-04-16,802942.75
2019-04-17,834069.25
2019-04-18,672407.25
2019-04-19,508536.0
2019-04-20,650263.75
2019-04-21,588560.75
2019-04-22,266736.5
2019-04-23,404071.0
2019-04-24,668483.25
2019-04-25,831649.25
2019-04-26,993591.0
2019-04-27,782802.75
2019-04-28,840289.5
2019-04-29,1030071.25
2019-04-30,1004110.75
2019-05-01,620957.75
2019-05-02,750733.5
2019-05-03,851951.25
2019-05-04,779859.5
2019-05-05,712615.25
2019-05-06,940302.0
2019-05-07,1133473.75
2019-05-08,1002064.0
2019-05-09,1023963.0
2019-05-10,1036496.25
2019-05-11,833800.0
2019-05-12,511226.5
2019-05-13,850661.0
2019-05-14,948645.75
2019-05-15,1018254.5
2019-05-16,1079326.75
2019-05-17,1050933.0
2019-05-18,783245.0
2019-05-19,732709.5
2019-05-20,1100649.5
2019-05-21,991873.5
2019-05-22,912589.75
2019-05-23,1044245.5
2019-05-24,955032.0
2019-05-25,821414.25
2019-05-26,500335.25
2019-05-27,879528.5
2019-05-28,1126982.0
2019-05-29,1054485.0
2019-05-30,521746.5
2019-05-31,837438.75
2019-06-01,736088.5
2019-06-02,624450.5
2019-06-03,926182.5
2019-06-04,1019880.0
2019-06-05,942994.25
2019-06-06,897170.5
2019-06-07,855769.5
2019-06-08,332841.5
2019-06-09,551892.0
2019-06-10,652359.0
2019-06-11,1029857.75
2019-06-12,1068128.75
2019-06-13,889051.0
2019-06-14,964289.5
2019-06-15,627800.75
2019-06-16,796512.75
2019-06-17,1031725.0
2019-06-18,1051163.75
2019-06-19,1029624.5
2019-06-20,875674.0
2019-06-21,957068.0
2019-06-22,775698.5
2019-06-23,565255.0
2019-06-24,787615.75
2019-06-25,976396.5
2019-06-26,939428.25
2019-06-27,847061.25
2019-06-28,1021590.0
2019-06-29,833567.0
2019-06-30,490199.25
2019-07-01,862979.75
2019-07-02,818963.75
2019-07-03,913628.75
2019-07-04,880951.25
2019-07-05,916537.75
2019-07-06,668538.25
2019-07-07,563079.75
2019-07-08,935301.25
2019-07-09,970543.0
2019-07-10,1022106.75
2019-07-11,1207148.5
2019-07-12,1134307.0
2019-07-13,823858.0
2019-07-14,777436.75
2019-07-15,991275.75
2019-07-16,961579.25
2019-07-17,1105840.5
2019-07-18,1075967.0
2019-07-19,1109006.5
2019-07-20,718899.5
2019-07-21,603098.25
2019-07-22,983256.25
2019-07-23,1075566.25
2019-07-24,1031633.75
2019-07-25,1037227.25
2019-07-26,834022.5
2019-07-27,596951.75
2019-07-28,719906.75
2019-07-29,1097800.25
2019-07-30,1131238.25
2019-07-31,1088952.75
2019-08-01,1087962.0
2019-08-02,1097504.75
2019-08-03,859149.0
2019-08-04,761461.25
2019-08-05,1035096.5
2019-08-06,1014783.5
2019-08-07,1044447.75
2019-08-08,826960.5
2019-08-09,991207.25
2019-08-10,453961.25
2019-08-11,473709.0
2019-08-12,915220.75
2019-08-13,928854.0
2019-08-14,954955.75
2019-08-15,825427.0
2019-08-16,896403.5
2019-08-17,633988.0
2019-08-18,623551.5
2019-08-19,871920.75
2019-08-20,1085045.75
2019-08-21,1052142.25
2019-08-22,970484.25
2019-08-23,1008224.0
2019-08-24,764112.0
2019-08-25,720756.0
2019-08-26,1092899.5
2019-08-27,1134276.75
2019-08-28,1158579.75
2019-08-29,1158145.0
2019-08-30,1114273.0
2019-08-31,818028.0
2019-09-01,669101.5
2019-09-02,963103.75
2019-09-03,882619.75
2019-09-04,883697.0
2019-09-05,821327.5
2019-09-06,896223.0
2019-09-07,935534.25
2019-09-08,923411.5
2019-09-09,1163434.0
2019-09-10,930897.5
2019-09-11,893137.75
2019-09-12,975060.5
2019-09-13,926487.25
2019-09-14,865817.0
2019-09-15,511036.75
2019-09-16,1079161.75
2019-09-17,763406.5
2019-09-18,793733.5
2019-09-19,1010661.0
2019-09-20,1069256.0
2019-09-21,794323.75
2019-09-22,675486.0
2019-09-23,1123429.75
2019-09-24,1171351.0
2019-09-25,1165214.75
2019-09-26,1096077.5
2019-09-27,960242.75
2019-09-28,451910.5
2019-09-29,361430.75
2019-09-30,559954.75
2019-10-01,952589.75
2019-10-02,909429.0
2019-10-03,790053.25
2019-10-04,940797.0
2019-10-05,798986.0
2019-10-06,705597.75
2019-10-07,1104132.0
2019-10-08,889097.75
2019-10-09,855976.75
2019-10-10,744225.25
2019-10-11,588306.0
2019-10-12,534827.25
2019-10-13,572192.25
2019-10-14,946285.25
2019-10-15,1124323.0
2019-10-16,981357.75
2019-10-17,1057695.5
2019-10-18,858455.0
2019-10-19,732888.5
2019-10-20,887234.25
2019-10-21,1172724.75
2019-10-22,1206235.75
2019-10-23,1213207.25
2019-10-24,1130920.5
2019-10-25,849420.25
2019-10-26,468872.0
2019-10-27,540580.75
2019-10-28,1093198.25
2019-10-29,1281272.75
2019-10-30,1262389.75
2019-10-31,1093659.75
2019-11-01,806072.0
2019-11-02,585362.75
2019-11-03,788656.25
2019-11-04,1116984.5
2019-11-05,1229682.75
2019-11-06,1350360.5
2019-11-07,1173405.75
2019-11-08,1285462.75
2019-11-09,1081238.5
2019-11-10,990956.5
2019-11-11,1073190.75
2019-11-12,1002731.25
2019-11-13,1140363.25
2019-11-14,1114674.75
2019-11-15,1020797.75
2019-11-16,967748.0
2019-11-17,907102.0
2019-11-18,1109050.0
2019-11-19,1136266.5
2019-11-20,1468113.5
2019-11-21,1392819.0
2019-11-22,1231762.5
2019-11-23,671951.5
2019-11-24,867611.75
2019-11-25,1421974.0
2019-11-26,1295707.75
2019-11-27,1042561.25
2019-11-28,717873.5
2019-11-29,879289.25
2019-11-30,1039907.5
2019-12-01,1074807.75
2019-12-02,1121671.25
2019-12-03,1271409.25
2019-12-04,1232164.25
2019-12-05,1146895.0
2019-12-06,744068.5
2019-12-07,511270.0
2019-12-08,354797.25
2019-12-09,777486.25
2019-12-10,1000307.5
2019-12-11,1131253.75
2019-12-12,1180947.75
2019-12-13,978832.75
2019-12-14,510024.0
2019-12-15,392187.0
2019-12-16,1008533.75
2019-12-17,933686.25
2019-12-18,1031428.5
2019-12-19,865909.25
2019-12-20,715452.75
2019-12-21,757532.5
2019-12-22,727240.75
2019-12-23,625119.75
2019-12-24,651025.5
2019-12-25,751817.5
2019-12-26,894262.75
2019-12-27,1005587.25
2019-12-28,965899.0
2019-12-29,728889.0
2019-12-30,531692.0
2019-12-31,682968.75
2020-01-01,824344.25
2020-01-02,899670.0
2020-01-03,590376.75
2020-01-04,492338.25
2020-01-05,845565.75
2020-01-06,956374.75
2020-01-07,1031179.0
2020-01-08,986139.75
2020-01-09,987314.75
2020-01-10,882592.5
2020-01-11,775640.5
2020-01-12,470300.5
2020-01-13,1055448.75
2020-01-14,666445.25
2020-01-15,679154.75
2020-01-16,1024197.25
2020-01-17,916890.0
2020-01-18,791411.5
2020-01-19,917993.25
2020-01-20,1266220.25
2020-01-21,1166350.0
2020-01-22,1327014.25
2020-01-23,1449824.75
2020-01-24,1322734.5
2020-01-25,1157305.75
2020-01-26,966827.0
2020-01-27,954843.0
2020-01-28,771599.75
2020-01-29,772671.0
2020-01-30,739113.0
2020-01-31,637552.25
2020-02-01,419723.0
2020-02-02,651739.0
2020-02-03,854842.75
2020-02-04,880775.5
2020-02-05,1117077.5
2020-02-06,1223876.0
2020-02-07,1222525.25
2020-02-08,807479.25
2020-02-09,372738.75
2020-02-10,580332.75
2020-02-11,566810.75
2020-02-12,636177.5
2020-02-13,977598.75
2020-02-14,1212691.25
2020-02-15,562208.25
2020-02-16,302919.75
2020-02-17,648812.25
2020-02-18,611152.0
2020-02-19,718829.25
2020-02-20,777403.5
2020-02-21,592041.5
2020-02-22,296940.0
2020-02-23,362039.0
2020-02-24,782217.75
2020-02-25,637478.5
2020-02-26,1028023.5
2020-02-27,1181756.5
2020-02-28,826469.75
2020-02-29,413732.5
2020-03-01,392684.75
2020-03-02,1091958.75
2020-03-03,1157799.75
2020-03-04,1196424.5
2020-03-05,1114325.25
2020-03-06,940200.5
2020-03-07,825853.25
2020-03-08,515266.0
2020-03-09,1043122.5
2020-03-10,652805.75
2020-03-11,723711.25
2020-03-12,536898.75
2020-03-13,622514.0
2020-03-14,863505.0
2020-03-15,422213.25
2020-03-16,1022493.25
2020-03-17,1037284.25
2020-03-18,904415.75
2020-03-19,1179380.5
2020-03-20,1019838.25
2020-03-21,487330.5
2020-03-22,374680.75
2020-03-23,666770.0
2020-03-24,736351.75
2020-03-25,726908.25
2020-03-26,723968.0
2020-03-27,716970.75
2020-03-28,571394.25
2020-03-29,415725.75
2020-03-30,869363.75
2020-03-31,1028609.25
2020-04-01,880475.0
2020-04-02,726074.5
2020-04-03,776904.0
2020-04-04,773396.75
2020-04-05,356908.25
2020-04-06,647289.0
2020-04-07,895722.0
2020-04-08,881802.0
2020-04-09,881064.25
2020-04-10,706778.0
2020-04-11,717782.5
2020-04-12,604100.25
2020-04-13,323995.75
2020-04-14,710685.0
2020-04-15,722559.0
2020-04-16,882773.25
2020-04-17,915484.75
2020-04-18,672140.75
2020-04-19,419724.25
2020-04-20,397623.5
2020-04-21,342039.5
2020-04-22,481417.25
2020-04-23,865366.25
2020-04-24,706711.5
2020-04-25,681503.0
2020-04-26,740279.5
2020-04-27,923934.0
2020-04-28,1002177.5
2020-04-29,977176.5
2020-04-30,720021.25
2020-05-01,495665.0
2020-05-02,577559.0
2020-05-03,694813.25
2020-05-04,954201.5
2020-05-05,869657.75
2020-05-06,805844.5
2020-05-07,896285.5
2020-05-08,923268.0
2020-05-09,799656.5
2020-05-10,603479.75
2020-05-11,615007.5
2020-05-12,826764.0
2020-05-13,990433.25
2020-05-14,928107.0
2020-05-15,820889.25
2020-05-16,593086.75
2020-05-17,477433.0
2020-05-18,752864.75
2020-05-19,889094.0
2020-05-20,1027499.75
2020-05-21,691201.0
2020-05-22,686815.5
2020-05-23,561177.25
2020-05-24,361356.25
2020-05-25,731468.0
2020-05-26,1008035.75
2020-05-27,912476.75
2020-05-28,795057.25
2020-05-29,846802.25
2020-05-30,602404.5
2020-05-31,451884.25
2020-06-01,434311.25
2020-06-02,868468.75
2020-06-03,894031.75
2020-06-04,1000009.75
2020-06-05,730133.0
2020-06-06,458328.0
2020-06-07,636515.0
2020-06-08,1021705.5
2020-06-09,1078138.25
2020-06-10,1045757.75
2020-06-11,782981.5
2020-06-12,666225.75
2020-06-13,583071.0
2020-06-14,677256.5
2020-06-15,978503.0
2020-06-16,1109453.5
2020-06-17,1032976.75
2020-06-18,991774.0
2020-06-19,969352.25
2020-06-20,676484.5
2020-06-21,666087.5
2020-06-22,905068.5
2020-06-23,944820.5
2020-06-24,893081.5
2020-06-25,842622.75
2020-06-26,845389.25
2020-06-27,705321.5
2020-06-28,551909.75
2020-06-29,754543.0
2020-06-30,593995.25
2020-07-01,816931.0
2020-07-02,969271.75
2020-07-03,830292.0
2020-07-04,335376.5
2020-07-05,273860.0
2020-07-06,470911.5
2020-07-07,816270.75
2020-07-08,1062396.0
2020-07-09,1009851.25
2020-07-10,785104.0
2020-07-11,717459.0
2020-07-12,637819.25
2020-07-13,916705.0
2020-07-14,984148.75
2020-07-15,1138336.75
2020-07-16,1165559.75
2020-07-17,1039894.5
2020-07-18,816234.75
2020-07-19,689503.5
2020-07-20,891769.25
2020-07-21,898899.75
2020-07-22,968419.25
2020-07-23,952763.75
2020-07-24,841918.25
2020-07-25,737758.5
2020-07-26,511554.5
2020-07-27,848355.0
2020-07-28,595148.5
2020-07-29,660359.25
2020-07-30,880897.25
2020-07-31,907386.75
2020-08-01,662928.75
2020-08-02,762414.25
2020-08-03,1015573.0
2020-08-04,1020729.25
2020-08-05,804388.75
2020-08-06,900098.25
2020-08-07,942780.75
2020-08-08,806783.0
2020-08-09,691543.5
2020-08-10,919891.5
2020-08-11,869776.0
2020-08-12,848679.5
2020-08-13,1000179.5
2020-08-14,1081880.25
2020-08-15,873196.0
2020-08-16,686183.75
2020-08-17,1041351.0
2020-08-18,1077822.75
2020-08-19,1044803.5
2020-08-20,959045.5
2020-08-21,808893.0
2020-08-22,591727.0
2020-08-23,438721.0
2020-08-24,923764.75
2020-08-25,897595.75
2020-08-26,361681.0
2020-08-27,858905.5
2020-08-28,854523.25
2020-08-29,776045.5
2020-08-30,783901.0
2020-08-31,1064048.25
2020-09-01,1125267.25
2020-09-02,1119710.0
2020-09-03,881923.0
2020-09-04,870830.5
2020-09-05,724029.5
2020-09-06,715186.25
2020-09-07,994531.5
2020-09-08,842956.25
2020-09-09,867994.5
2020-09-10,1057678.75
2020-09-11,1008576.5
2020-09-12,639453.0
2020-09-13,583846.75
2020-09-14,1027334.0
2020-09-15,1105974.0
2020-09-16,1013550.25
2020-09-17,895261.75
2020-09-18,863096.5
2020-09-19,676742.75
2020-09-20,667751.0
2020-09-21,1065243.5
2020-09-22,1144520.75
2020-09-23,1035922.5
2020-09-24,735026.75
2020-09-25,960892.5
2020-09-26,783602.0
2020-09-27,774490.25
2020-09-28,1161856.0
2020-09-29,1224237.5
2020-09-30,1161854.25
2020-10-01,954827.0
2020-10-02,860741.0
2020-10-03,514552.75
2020-10-04,435290.75
2020-10-05,829135.5
2020-10-06,799067.75
2020-10-07,899994.0
2020-10-08,711265.25
2020-10-09,1011095.5
2020-10-10,744824.5
2020-10-11,732296.25
2020-10-12,1211968.5
2020-10-13,1186019.5
2020-10-14,847258.25
2020-10-15,1046965.5
2020-10-16,1213915.0
2020-10-17,1090605.0
2020-10-18,725700.75
2020-10-19,1152365.25
2020-10-20,898158.5
2020-10-21,837026.5
2020-10-22,739440.75
2020-10-23,1072654.75
2020-10-24,632793.75
2020-10-25,520336.5
2020-10-26,1039325.0
2020-10-27,805326.5
2020-10-28,774037.5
2020-10-29,791614.0
2020-10-30,797786.0
2020-10-31,792368.75
2020-11-01,544045.5
2020-11-02,566861.75
2020-11-03,939911.0
2020-11-04,1051045.5
2020-11-05,1075133.75
2020-11-06,1206423.75
2020-11-07,994019.25
2020-11-08,958158.75
2020-11-09,1275435.25
2020-11-10,1360570.25
2020-11-11,1393105.25
2020-11-12,1110584.0
2020-11-13,1084688.75
2020-11-14,834031.25
2020-11-15,404565.0
2020-11-16,757835.0
2020-11-17,896715.25
2020-11-18,892268.5
2020-11-19,749724.5
2020-11-20,1106703.0
2020-11-21,612687.75
2020-11-22,617021.75
2020-11-23,1019172.5
2020-11-24,1137734.25
2020-11-25,1222194.5
2020-11-26,1345862.25
2020-11-27,1407907.25
2020-11-28,1124026.5
2020-11-29,1096776.0
2020-11-30,1225223.5
2020-12-01,1370158.25
2020-12-02,1453136.0
2020-12-03,1150662.25
2020-12-04,991708.5
2020-12-05,1067081.75
2020-12-06,1008145.0
2020-12-07,1189543.0
2020-12-08,1367754.0
2020-12-09,1458056.5
2020-12-10,1488061.0
2020-12-11,1158625.25
2020-12-12,1106854.25
2020-12-13,1051117.75
2020-12-14,961467.0
2020-12-15,1205498.5
2020-12-16,1211436.5
2020-12-17,945865.0
2020-12-18,922446.25
2020-12-19,675934.25
2020-12-20,766686.75
2020-12-21,786766.0
2020-12-22,646297.75
2020-12-23,968434.25
2020-12-24,598138.5
2020-12-25,820354.0
2020-12-26,551676.0
2020-12-27,301172.5
2020-12-28,909018.5
2020-12-29,902780.0
2020-12-30,762089.0
2020-12-31,824562.0
2021-01-01,999025.5
2021-01-02,1068063.0
2021-01-03,774437.0
2021-01-04,1082318.5
2021-01-05,1146366.5
2021-01-06,1219952.63
2021-01-07,1372188.0
2021-01-08,1373334.0
2021-01-09,1250873.5
2021-01-10,1025265.25
2021-01-11,958514.0
2021-01-12,915522.5
2021-01-13,798960.75
2021-01-14,1262016.0
2021-01-15,1391607.25
2021-01-16,1205453.5
2021-01-17,1159074.5
2021-01-18,1060718.75
2021-01-19,828416.5
2021-01-20,705826.75
2021-01-21,643070.75
2021-01-22,881008.5
2021-01-23,1075273.5
2021-01-24,1054788.75
2021-01-25,1380580.0
2021-01-26,1246570.75
2021-01-27,1258204.0
2021-01-28,1301822.5
2021-01-29,969020.25
2021-01-30,1105030.0
2021-01-31,1063758.5
2021-02-01,1284295.0
2021-02-02,1314593.0
2021-02-03,1004938.75
2021-02-04,1110008.5
2021-02-05,1095726.5
2021-02-06,655921.75
2021-02-07,561270.75
2021-02-08,1059836.0
2021-02-09,1373210.25
2021-02-10,1414627.25
2021-02-11,1475707.5
2021-02-12,1275077.0
2021-02-13,1151093.25
2021-02-14,914161.25
2021-02-15,1028675.0
2021-02-16,1151430.0
2021-02-17,914443.5
2021-02-18,894512.25
2021-02-19,910668.25
2021-02-20,660924.5
2021-02-21,660316.0
2021-02-22,992700.5
2021-02-23,949640.0
2021-02-24,834730.75
2021-02-25,949214.5
2021-02-26,1069869.75
2021-02-27,980489.25
2021-02-28,910197.75
2021-03-01,1237749.5
2021-03-02,1219776.25
2021-03-03,1237834.75
2021-03-04,1200202.75
2021-03-05,1204004.0
2021-03-06,873499.5
2021-03-07,755544.75
2021-03-08,1252141.5
2021-03-09,1337589.75
2021-03-10,1097720.25
2021-03-11,536949.25
2021-03-12,466445.75
2021-03-13,316273.5
2021-03-14,460820.75
2021-03-15,800070.0
2021-03-16,1048689.0
2021-03-17,1277888.25
2021-03-18,1336806.5
2021-03-19,1154679.5
2021-03-20,897973.75
2021-03-21,540140.75
2021-03-22,1151851.5
2021-03-23,1276385.0
2021-03-24,1080639.25
2021-03-25,1153654.0
2021-03-26,859027.5
2021-03-27,457427.5
2021-03-28,406154.75
2021-03-29,654664.0
2021-03-30,984313.75
2021-03-31,1109508.5
2021-04-01,891809.5
2021-04-02,568570.0
2021-04-03,665997.5
2021-04-04,591897.5
2021-04-05,302585.5
2021-04-06,692520.75
2021-04-07,770341.0
2021-04-08,826389.0
2021-04-09,808917.75
2021-04-10,956065.5
2021-04-11,622504.75
2021-04-12,1055565.75
2021-04-13,984753.75
2021-04-14,1150777.25
2021-04-15,1141469.25
2021-04-16,1112485.0
2021-04-17,953196.5
2021-04-18,962631.5
2021-04-19,1219270.75
2021-04-20,1171578.75
2021-04-21,922256.75
2021-04-22,743539.75
2021-04-23,853838.75
2021-04-24,724914.25
2021-04-25,657734.0
2021-04-26,973899.5
2021-04-27,850736.5
2021-04-28,911645.75
2021-04-29,919257.75
2021-04-30,1151232.0
2021-05-01,901076.0
2021-05-02,684780.75
2021-05-03,868677.0
2021-05-04,450244.75
2021-05-05,534818.25
2021-05-06,990251.0
2021-05-07,898929.25
2021-05-08,680095.5
2021-05-09,365175.5
2021-05-10,796435.75
2021-05-11,1109286.25
2021-05-12,1129401.0
2021-05-13,878309.25
2021-05-14,902118.25
2021-05-15,805018.0
2021-05-16,701150.75
2021-05-17,971071.0
2021-05-18,1051931.0
2021-05-19,1073799.0
2021-05-20,1022354.25
2021-05-21,590956.25
2021-05-22,319008.5
2021-05-23,460097.0
2021-05-24,470247.0
2021-05-25,705379.75
2021-05-26,763383.25
2021-05-27,833388.25
2021-05-28,993174.75
2021-05-29,793654.0
2021-05-30,641106.75
2021-05-31,908167.25
2021-06-01,924276.0
2021-06-02,814974.0
2021-06-03,724117.0
2021-06-04,973253.25
2021-06-05,851730.25
2021-06-06,828705.25
2021-06-07,1087487.75
2021-06-08,1098122.0
2021-06-09,1102640.75
2021-06-10,1077158.0
2021-06-11,992099.25
2021-06-12,549225.25
2021-06-13,524089.25
2021-06-14,891576.75
2021-06-15,1060380.25
2021-06-16,1014344.5
2021-06-17,918480.25
2021-06-18,993322.25
2021-06-19,792140.5
2021-06-20,629525.25
2021-06-21,880643.75
2021-06-22,1070815.0
2021-06-23,1124427.0
2021-06-24,1173410.0
2021-06-25,1120844.0
2021-06-26,872123.25
2021-06-27,727579.0
2021-06-28,1047923.75
2021-06-29,1059515.5
2021-06-30,1070041.75
2021-07-01,1062974.5
2021-07-02,1039474.25
2021-07-03,845333.5
2021-07-04,819195.25
2021-07-05,1064601.0
2021-07-06,815210.5
2021-07-07,1057381.75
2021-07-08,1202021.5
2021-07-09,1082277.75
2021-07-10,799684.5
2021-07-11,799427.5
2021-07-12,1031217.75
2021-07-13,1167802.5
2021-07-14,1096065.5
2021-07-15,1021015.25
2021-07-16,982951.25
2021-07-17,701591.75
2021-07-18,564040.75
2021-07-19,966317.5
2021-07-20,1050374.0
2021-07-21,1061450.75
2021-07-22,1081834.5
2021-07-23,1054483.5
2021-07-24,776652.25
2021-07-25,722855.5
2021-07-26,1059505.75
2021-07-27,1004210.75
2021-07-28,863672.75
2021-07-29,533171.25
2021-07-30,725907.25
2021-07-31,428091.75
2021-08-01,702855.75
2021-08-02,849654.5
2021-08-03,1097460.5
2021-08-04,1103249.25
2021-08-05,1047557.5
2021-08-06,823965.75
2021-08-07,720927.5
2021-08-08,417633.75
2021-08-09,711020.25
2021-08-10,918945.0
2021-08-11,1015819.75
2021-08-12,1015102.75
2021-08-13,888307.0
2021-08-14,609506.5
2021-08-15,671596.25
2021-08-16,630762.5
2021-08-17,542088.25
2021-08-18,737483.5
2021-08-19,946417.0
2021-08-20,1072895.25
2021-08-21,867262.25
2021-08-22,728285.75
2021-08-23,937902.25
2021-08-24,988813.5
2021-08-25,808226.5
2021-08-26,853658.25
2021-08-27,847102.75
2021-08-28,759275.5
2021-08-29,756591.25
2021-08-30,992630.0
2021-08-31,1010775.5
2021-09-01,1068217.75
2021-09-02,1055555.0
2021-09-03,971528.25
2021-09-04,866420.75
2021-09-05,725280.5
2021-09-06,1067815.75
2021-09-07,1137961.5
2021-09-08,1028009.75
2021-09-09,1045568.5
2021-09-10,1107662.0
2021-09-11,872819.5
2021-09-12,739686.75
2021-09-13,1079546.5
2021-09-14,1083456.75
2021-09-15,1131417.5
2021-09-16,983301.25
2021-09-17,1098596.0
2021-09-18,920017.5
2021-09-19,761243.75
2021-09-20,1179512.5
2021-09-21,1086077.5
2021-09-22,1036876.0
2021-09-23,635209.5
2021-09-24,808289.75
2021-09-25,877212.25
2021-09-26,843905.0
2021-09-27,1035258.25
2021-09-28,1139676.75
2021-09-29,883260.25
2021-09-30,658259.75
2021-10-01,673308.5
2021-10-02,666129.75
2021-10-03,383871.5
2021-10-04,989107.75
2021-10-05,1024002.0
2021-10-06,988647.5
2021-10-07,1260766.0
2021-10-08,1106521.75
2021-10-09,766144.25
2021-10-10,831072.25
2021-10-11,984343.0
2021-10-12,1043473.0
2021-10-13,1146360.5
2021-10-14,1016189.5
2021-10-15,830781.25
2021-10-16,954010.25
2021-10-17,897580.0
2021-10-18,1098790.75
2021-10-19,941748.5
2021-10-20,552785.25
2021-10-21,545653.25
2021-10-22,565023.75
2021-10-23,803729.75
2021-10-24,663120.0
2021-10-25,1020055.25
2021-10-26,1039341.5
2021-10-27,959074.5
2021-10-28,1022899.0
2021-10-29,884563.75
2021-10-30,707713.75
2021-10-31,588224.5
2021-11-01,744849.25
2021-11-02,1227630.75
2021-11-03,1341726.25
2021-11-04,1179389.25
2021-11-05,1077594.25
2021-11-06,655360.0
2021-11-07,420753.75
2021-11-08,1136734.5
2021-11-09,1125649.5
2021-11-10,1316213.25
2021-11-11,1352990.25
2021-11-12,1191360.25
2021-11-13,1114977.75
2021-11-14,998430.75
2021-11-15,1293656.0
2021-11-16,1438162.5
2021-11-17,1115694.0
2021-11-18,816241.0
2021-11-19,784498.25
2021-11-20,809785.5
2021-11-21,899201.0
2021-11-22,1205233.5
2021-11-23,1200317.5
2021-11-24,1305588.25
2021-11-25,1283354.5
2021-11-26,1128552.25
2021-11-27,1079759.25
2021-11-28,1111429.0
2021-11-29,1314089.0
2021-11-30,789458.0
2021-12-01,663128.75
2021-12-02,1131890.25
2021-12-03,868731.5
2021-12-04,1099657.25
2021-12-05,977326.5
2021-12-06,1279076.5
2021-12-07,1121131.75
2021-12-08,1073102.75
2021-12-09,1366456.75
2021-12-10,1367386.5
2021-12-11,1182113.25
2021-12-12,847380.75
2021-12-13,1224260.0
2021-12-14,1308095.5
2021-12-15,1167044.75
2021-12-16,1327814.0
2021-12-17,1321924.25
2021-12-18,1033712.25
2021-12-19,680556.5
2021-12-20,1263813.25
2021-12-21,1375770.25
2021-12-22,1282962.25
2021-12-23,1020526.75
2021-12-24,725947.25
2021-12-25,934262.75
2021-12-26,823457.0
2021-12-27,904541.75
2021-12-28,789170.5
2021-12-29,900903.5
2021-12-30,472912.25
2021-12-31,355441.75
2022-01-01,511670.25
2022-01-02,364461.25
2022-01-03,524267.75
2022-01-04,992484.0
2022-01-05,672311.0
2022-01-06,1036005.5
2022-01-07,866939.75
2022-01-08,777728.75
2022-01-09,733684.5
2022-01-10,1430526.0
2022-01-11,1367332.5
2022-01-12,1357111.75
2022-01-13,1055691.0
2022-01-14,1098844.5
2022-01-15,1230712.0
2022-01-16,799218.25
2022-01-17,838984.5
2022-01-18,1317915.75
2022-01-19,957170.75
2022-01-20,783044.25
2022-01-21,963958.5
2022-01-22,985011.0
2022-01-23,1088926.25
2022-01-24,1376427.5
2022-01-25,1433217.75
2022-01-26,1148772.5
2022-01-27,759918.0
2022-01-28,879845.0
2022-01-29,419188.5
2022-01-30,407192.0
2022-01-31,1083394.0
2022-02-01,772684.5
2022-02-02,763988.5
2022-02-03,1099718.5
2022-02-04,759165.0
2022-02-05,375658.25
2022-02-06,322207.25
2022-02-07,638940.5
2022-02-08,741696.25
2022-02-09,892308.0
2022-02-10,1089325.0
2022-02-11,1028981.0
2022-02-12,785798.75
2022-02-13,420608.75
2022-02-14,666488.75
2022-02-15,876592.0
2022-02-16,561562.25
2022-02-17,470081.5
2022-02-18,649403.0
2022-02-19,345968.5
2022-02-20,311984.5
2022-02-21,476443.0
2022-02-22,656781.25
2022-02-23,727191.0
2022-02-24,705694.0
2022-02-25,644028.25
2022-02-26,993394.25
2022-02-27,706659.25
2022-02-28,952285.25
2022-03-01,1148770.5
2022-03-02,1312807.75
2022-03-03,1190076.25
2022-03-04,1167257.0
2022-03-05,982669.5
2022-03-06,995466.0
2022-03-07,1162553.75
2022-03-08,1047305.25
2022-03-09,1085571.25
2022-03-10,843097.25
2022-03-11,541351.5
2022-03-12,574554.25
2022-03-13,535884.5
2022-03-14,1058810.25
2022-03-15,1332189.75
2022-03-16,1041320.25
2022-03-17,1013878.5
2022-03-18,1008725.25
2022-03-19,528589.25
2022-03-20,358784.25
2022-03-21,944831.5
2022-03-22,1108260.25
2022-03-23,1138040.5
2022-03-24,1144046.5
2022-03-25,1057557.75
2022-03-26,742672.5
2022-03-27,767987.5
2022-03-28,1019854.25
2022-03-29,1120658.25
2022-03-30,1251459.5
2022-03-31,938098.25
2022-04-01,826082.25
2022-04-02,801106.75
2022-04-03,785158.5
2022-04-04,482591.5
2022-04-05,853719.25
2022-04-06,556978.75
2022-04-07,404330.5
2022-04-08,724745.5
2022-04-09,460753.75
2022-04-10,509859.0
2022-04-11,969525.25
2022-04-12,722760.75
2022-04-13,944182.0
2022-04-14,982614.75
2022-04-15,763252.75
2022-04-16,608650.5
2022-04-17,545607.25
2022-04-18,583625.25
2022-04-19,827887.75
2022-04-20,898898.0
2022-04-21,951832.0
2022-04-22,673479.25
2022-04-23,439749.5
2022-04-24,487930.5
2022-04-25,1046853.5
2022-04-26,1144741.75
2022-04-27,1082435.0
2022-04-28,979203.25
2022-04-29,1000037.25
2022-04-30,867196.75
2022-05-01,809638.0
2022-05-02,996027.75
2022-05-03,1003445.25
2022-05-04,1099761.25
2022-05-05,1112695.5
2022-05-06,1079143.5
2022-05-07,839042.25
2022-05-08,670866.25
2022-05-09,942267.75
2022-05-10,838134.5
2022-05-11,704354.75
2022-05-12,702130.5
2022-05-13,752037.25
2022-05-14,595083.25
2022-05-15,636422.0
2022-05-16,855685.0
2022-05-17,1048237.5
2022-05-18,902306.5
2022-05-19,904126.0
2022-05-20,895149.0
2022-05-21,390278.25
2022-05-22,679946.25
2022-05-23,693938.75
2022-05-24,798295.25
2022-05-25,762638.5
2022-05-26,336173.5
2022-05-27,334084.25
2022-05-28,317177.75
2022-05-29,593201.0
2022-05-30,1033339.0
2022-05-31,1036470.0
2022-06-01,938310.25
2022-06-02,847912.75
2022-06-03,891981.75
2022-06-04,699886.75
2022-06-05,495250.25
2022-06-06,357577.75
2022-06-07,749841.75
2022-06-08,984731.5
2022-06-09,943176.75
2022-06-10,859971.0
2022-06-11,666921.75
2022-06-12,559318.25
2022-06-13,725882.25
2022-06-14,881550.25
2022-06-15,902806.75
2022-06-16,714965.75
2022-06-17,784285.0
2022-06-18,570552.5
2022-06-19,535275.5
2022-06-20,893493.75
2022-06-21,887056.0
2022-06-22,1024587.75
2022-06-23,878926.25
2022-06-24,833298.0
2022-06-25,765498.5
2022-06-26,676882.5
2022-06-27,945768.75
2022-06-28,948734.0
2022-06-29,935409.25
2022-06-30,906983.0
2022-07-01,903173.0
2022-07-02,622266.75
2022-07-03,560549.75
2022-07-04,805345.5
2022-07-05,834386.75
2022-07-06,801790.25
2022-07-07,737008.75
2022-07-08,754387.75
2022-07-09,554917.75
2022-07-10,455163.5
2022-07-11,943543.0
2022-07-12,884741.0
2022-07-13,836746.75
2022-07-14,810997.0
2022-07-15,762724.75
2022-07-16,462629.5
2022-07-17,587543.0
2022-07-18,877434.0
2022-07-19,870125.0
2022-07-20,741201.5
2022-07-21,902773.25
2022-07-22,874962.5
2022-07-23,736383.0
2022-07-24,573037.0
2022-07-25,661787.5
2022-07-26,738273.25
2022-07-27,793427.75
2022-07-28,877242.75
2022-07-29,877997.75
2022-07-30,742760.5
2022-07-31,665178.5
2022-08-01,864001.5
2022-08-02,851126.75
2022-08-03,847605.5
2022-08-04,884739.75
2022-08-05,862537.75
2022-08-06,656948.0
2022-08-07,600072.25
2022-08-08,851907.25
2022-08-09,843461.5
2022-08-10,836431.0
2022-08-11,825602.75
2022-08-12,777720.75
2022-08-13,682931.25
2022-08-14,575273.5
2022-08-15,865191.75
2022-08-16,930753.75
2022-08-17,986052.75
2022-08-18,996106.5
2022-08-19,1033317.5
2022-08-20,814000.5
2022-08-21,628412.25
2022-08-22,936550.25
2022-08-23,885741.5
2022-08-24,898545.75
2022-08-25,846529.5
2022-08-26,938247.5
2022-08-27,776410.25
2022-08-28,525227.75
2022-08-29,867923.75
2022-08-30,880562.5
2022-08-31,918999.0
2022-09-01,866813.75
2022-09-02,698826.75
2022-09-03,496938.5
2022-09-04,537771.0
2022-09-05,742063.0
2022-09-06,778001.75
2022-09-07,970630.75
2022-09-08,963777.75
2022-09-09,892957.75
2022-09-10,801768.0
2022-09-11,796731.75
2022-09-12,919713.5
2022-09-13,852542.5
2022-09-14,1052174.75
2022-09-15,810877.5
2022-09-16,586410.5
2022-09-17,380449.25
2022-09-18,339355.0
2022-09-19,683183.75
2022-09-20,970953.75
2022-09-21,1037367.5
2022-09-22,1006106.0
2022-09-23,962084.5
2022-09-24,881977.75
2022-09-25,804020.5
2022-09-26,679103.0
2022-09-27,869645.75
2022-09-28,1120270.75
2022-09-29,1118803.25
2022-09-30,924488.75
2022-10-01,379629.0
2022-10-02,387730.25
2022-10-03,579141.75
2022-10-04,834853.25
2022-10-05,568361.0
2022-10-06,639859.75
2022-10-07,760883.0
2022-10-08,577920.25
2022-10-09,602460.75
2022-10-10,754943.0
2022-10-11,1005640.25
2022-10-12,1076240.25
2022-10-13,1060271.75
2022-10-14,1071803.5
2022-10-15,725005.5
2022-10-16,561197.5
2022-10-17,783810.75
2022-10-18,1042278.75
2022-10-19,1037030.5
2022-10-20,711917.75
2022-10-21,1003408.75
2022-10-22,757515.0
2022-10-23,620505.25
2022-10-24,557891.0
2022-10-25,799744.5
2022-10-26,969908.5
2022-10-27,851036.0
2022-10-28,782870.75
2022-10-29,846737.5
2022-10-30,754192.5
2022-10-31,866380.75
2022-11-01,493122.75
2022-11-02,583988.75
2022-11-03,712082.5
2022-11-04,927202.5
2022-11-05,734806.75
2022-11-06,424283.25
2022-11-07,620870.75
2022-11-08,650799.5
2022-11-09,668909.0
2022-11-10,715749.5
2022-11-11,802363.5
2022-11-12,955355.75
2022-11-13,708169.25
2022-11-14,837902.0
2022-11-15,913604.5
2022-11-16,832488.0
2022-11-17,646203.0
2022-11-18,925105.75
2022-11-19,959162.75
2022-11-20,920107.75
2022-11-21,1077343.25
2022-11-22,905363.5
2022-11-23,887937.75
2022-11-24,1011843.5
2022-11-25,1017991.0
2022-11-26,930992.25
2022-11-27,671294.0
2022-11-28,1034706.75
2022-11-29,1311430.0
2022-11-30,1319733.75
2022-12-01,1319648.25
2022-12-02,1144781.5
2022-12-03,967528.0
2022-12-04,877781.0
2022-12-05,1193085.75
2022-12-06,1277222.0
2022-12-07,1043035.75
2022-12-08,1241307.75
2022-12-09,1313198.5
2022-12-10,1163713.25
2022-12-11,1119440.75
2022-12-12,1332421.0
2022-12-13,1262955.5
2022-12-14,1281120.25
2022-12-15,1249024.0
2022-12-16,1354596.75
2022-12-17,1122649.75
2022-12-18,815659.0
2022-12-19,747407.0
2022-12-20,712758.5
2022-12-21,880487.5
2022-12-22,794441.0
2022-12-23,888369.75
2022-12-24,583427.25
2022-12-25,591021.75
2022-12-26,314408.5
2022-12-27,436146.75
2022-12-28,328072.0
2022-12-29,293372.75
2022-12-30,325375.75
2022-12-31,248192.25
2023-01-01,269742.5
2023-01-02,543919.75
2023-01-03,818931.75
2023-01-04,300495.0
2023-01-05,613638.0
2023-01-06,596551.5
2023-01-07,522857.75
2023-01-08,476856.25
2023-01-09,819656.0
2023-01-10,804495.25
2023-01-11,633822.0
2023-01-12,407430.75
2023-01-13,380847.75
2023-01-14,254684.25
2023-01-15,197234.25
2023-01-16,713314.5
2023-01-17,868307.5
2023-01-18,1064590.75
2023-01-19,952433.75
2023-01-20,1307785.0
2023-01-21,943290.5
2023-01-22,937476.75
2023-01-23,1295369.25
2023-01-24,1331848.25
2023-01-25,1338215.25
2023-01-26,1332204.5
2023-01-27,1232508.0
2023-01-28,1113451.0
2023-01-29,677810.5
2023-01-30,601666.5
2023-01-31,603684.25
2023-02-01,472326.75
2023-02-02,802082.25
2023-02-03,477390.0
2023-02-04,960448.25
2023-02-05,859724.5
2023-02-06,1250039.5
2023-02-07,1179269.75
2023-02-08,1039261.0
2023-02-09,914129.5
2023-02-10,852158.25
2023-02-11,617886.75
2023-02-12,966390.75
2023-02-13,1205920.0
2023-02-14,1226291.75
2023-02-15,1152496.25
2023-02-16,881579.5
2023-02-17,411322.25
2023-02-18,420467.25
2023-02-19,609634.75
2023-02-20,352691.75
2023-02-21,860710.0
2023-02-22,1115793.5
2023-02-23,1138722.0
2023-02-24,738712.25
2023-02-25,501295.0
2023-02-26,664587.25
2023-02-27,1052515.0
2023-02-28,1058761.0
2023-03-01,1030608.25
2023-03-02,1067698.0
2023-03-03,1055045.0
2023-03-04,679930.75
2023-03-05,758312.25
2023-03-06,1050427.5
2023-03-07,652452.75
2023-03-08,1135506.5
2023-03-09,1016850.5
2023-03-10,689352.0
2023-03-11,646295.25
2023-03-12,574387.0
2023-03-13,359446.75
2023-03-14,492035.0
2023-03-15,857416.75
2023-03-16,650231.25
2023-03-17,710835.0
2023-03-18,733737.25
2023-03-19,749711.5
2023-03-20,964497.0
2023-03-21,929288.5
2023-03-22,522500.25
2023-03-23,558176.5
2023-03-24,470587.0
2023-03-25,207724.25
2023-03-26,492567.5
2023-03-27,559422.75
2023-03-28,819088.0
2023-03-29,929597.75
2023-03-30,512722.75
2023-03-31,752411.75
2023-04-01,414957.25
2023-04-02,459519.0
2023-04-03,811365.0
2023-04-04,976400.75
2023-04-05,1013360.0
2023-04-06,813546.75
2023-04-07,615001.75
2023-04-08,857679.5
2023-04-09,623503.0
2023-04-10,217093.0
2023-04-11,476842.25
2023-04-12,709722.75
2023-04-13,675172.75
2023-04-14,954939.75
2023-04-15,710627.25
2023-04-16,778607.0
2023-04-17,905351.25
2023-04-18,750466.75
2023-04-19,590785.0
2023-04-20,759049.25
2023-04-21,501874.0
2023-04-22,424753.0
2023-04-23,545659.5
2023-04-24,520634.25
2023-04-25,676065.5
2023-04-26,753363.75
2023-04-27,901244.75
2023-04-28,881053.5
2023-04-29,673256.5
2023-04-30,560439.75
2023-05-01,604591.25
2023-05-02,756192.75
2023-05-03,857605.25
2023-05-04,727101.0
2023-05-05,647079.25
2023-05-06,662083.25
2023-05-07,411676.25
2023-05-08,718392.5
2023-05-09,647274.25
2023-05-10,909917.75
2023-05-11,1050085.75
2023-05-12,793109.5
2023-05-13,600621.25
2023-05-14,649675.5
2023-05-15,806249.5
2023-05-16,589647.5
2023-05-17,632952.5
2023-05-18,553172.0
2023-05-19,589829.75
2023-05-20,400744.5
2023-05-21,407732.75
2023-05-22,689827.25
2023-05-23,601514.25
2023-05-24,841946.75
2023-05-25,701749.5
2023-05-26,609916.0
2023-05-27,518741.5
2023-05-28,414915.0
2023-05-29,311505.25
2023-05-30,651883.0
2023-05-31,624121.5
2023-06-01,623915.25
2023-06-02,657958.5
2023-06-03,452776.0
2023-06-04,462790.0
2023-06-05,745588.25
2023-06-06,848733.0
2023-06-07,848198.0
2023-06-08,634331.25
2023-06-09,559592.5
2023-06-10,391656.5
2023-06-11,301691.25
2023-06-12,588833.0
2023-06-13,571166.5
2023-06-14,689554.25
2023-06-15,846034.0
2023-06-16,853464.5
2023-06-17,684953.0
2023-06-18,619299.25
2023-06-19,751973.0
2023-06-20,871359.5
2023-06-21,848424.5
2023-06-22,830055.25
2023-06-23,728847.0
2023-06-24,633113.5
2023-06-25,585502.75
2023-06-26,513648.0
2023-06-27,631719.75
2023-06-28,839268.75
2023-06-29,951527.75
2023-06-30,962292.0
2023-07-01,381466.5
2023-07-02,203062.5
2023-07-03,428366.5
2023-07-04,520770.5
2023-07-05,369082.75
2023-07-06,716545.0
2023-07-07,777898.0
2023-07-08,495501.5
2023-07-09,510484.0
2023-07-10,819189.5
2023-07-11,739511.0
2023-07-12,598107.25
2023-07-13,679759.0
2023-07-14,817650.5
2023-07-15,366713.25
2023-07-16,263477.75
2023-07-17,537545.25
2023-07-18,799461.0
2023-07-19,865305.5
2023-07-20,764094.25
2023-07-21,899127.0
2023-07-22,513996.75
2023-07-23,268791.75
2023-07-24,640422.75
2023-07-25,773828.0
2023-07-26,686235.0
2023-07-27,760518.5
2023-07-28,789462.5
2023-07-29,578925.0
2023-07-30,335875.5
2023-07-31,505353.25
2023-08-01,520441.75
2023-08-02,595982.5
2023-08-03,340951.0
2023-08-04,797443.75
2023-08-05,711282.0
2023-08-06,561432.0
2023-08-07,338384.5
2023-08-08,361930.25
2023-08-09,691666.0
2023-08-10,813169.75
2023-08-11,792975.25
2023-08-12,671604.5
2023-08-13,569493.75
2023-08-14,845125.75
2023-08-15,811453.0
2023-08-16,894209.25
2023-08-17,863569.25
2023-08-18,788483.5
2023-08-19,606449.5
2023-08-20,631071.25
2023-08-21,905590.0
2023-08-22,926257.25
2023-08-23,905249.5
2023-08-24,936970.5
2023-08-25,915273.75
2023-08-26,638792.25
2023-08-27,714869.0
2023-08-28,939165.0
2023-08-29,1080837.0
2023-08-30,932107.25
2023-08-31,722083.5
2023-09-01,912920.0
2023-09-02,751198.75
2023-09-03,644378.5
2023-09-04,792050.0
2023-09-05,786981.5
2023-09-06,834423.0
2023-09-07,672059.25
2023-09-08,789558.0
2023-09-09,743349.25
2023-09-10,709052.0
2023-09-11,915302.0
2023-09-12,1004512.5
2023-09-13,922122.5
2023-09-14,987782.5
2023-09-15,813652.25
2023-09-16,683574.25
2023-09-17,621350.25
2023-09-18,649521.25
2023-09-19,434100.25
2023-09-20,521085.25
2023-09-21,736131.75
2023-09-22,832496.0
2023-09-23,573241.5
2023-09-24,531100.5
2023-09-25,676983.75
2023-09-26,974680.25
2023-09-27,946833.25
2023-09-28,804252.5
2023-09-29,717833.0
2023-09-30,620948.5
2023-10-01,590894.75
2023-10-02,766708.25
2023-10-03,182307.5
2023-10-04,486970.5
2023-10-05,724408.25
2023-10-06,508155.0
2023-10-07,355766.25
2023-10-08,724760.25
2023-10-09,921219.25
2023-10-10,900523.75
2023-10-11,419692.75
2023-10-12,913688.0
2023-10-13,483994.0
2023-10-14,274657.25
2023-10-15,332764.25
2023-10-16,926084.0
2023-10-17,1101734.25
2023-10-18,787893.5
2023-10-19,770668.75
2023-10-20,596857.5
2023-10-21,492276.25
2023-10-22,429458.0
2023-10-23,1038736.0
2023-10-24,990939.5
2023-10-25,920794.75
2023-10-26,1062535.25
2023-10-27,1019769.5
2023-10-28,649608.25
2023-10-29,248346.25
2023-10-30,723469.5
2023-10-31,729732.0
2023-11-01,563113.5
2023-11-02,461907.0
2023-11-03,634697.5
2023-11-04,313828.5
2023-11-05,362972.0
2023-11-06,423750.25
2023-11-07,649933.5
2023-11-08,572310.75
2023-11-09,725612.75
2023-11-10,803525.75
2023-11-11,799963.0
2023-11-12,906864.5
2023-11-13,820192.5
2023-11-14,511387.5
2023-11-15,849149.0
2023-11-16,985768.25
2023-11-17,1138838.25
2023-11-18,792459.0
2023-11-19,305030.75
2023-11-20,898625.25
2023-11-21,1174380.75
2023-11-22,1057433.0
2023-11-23,451736.0
2023-11-24,484041.25
2023-11-25,692247.25
2023-11-26,931422.25
2023-11-27,1035297.5
2023-11-28,1132462.25
2023-11-29,1066617.25
2023-11-30,1446194.5
2023-12-01,1409966.0
2023-12-02,1222219.5
2023-12-03,1017009.75
2023-12-04,1061687.75
2023-12-05,1020403.25
2023-12-06,1307857.25
2023-12-07,1325311.5
2023-12-08,1090844.75
2023-12-09,588905.0
2023-12-10,323968.0
2023-12-11,724697.75
2023-12-12,1145334.25
2023-12-13,1005350.25
2023-12-14,1271226.5
2023-12-15,1050100.5
2023-12-16,543299.5
2023-12-17,439398.25
2023-12-18,640713.25
2023-12-19,691238.0
2023-12-20,465021.25
2023-12-21,228236.5
2023-12-22,206333.0
2023-12-23,374896.75
2023-12-24,121007.75
2023-12-25,185839.25
2023-12-26,145603.25
2023-12-27,597387.0
2023-12-28,152187.5
2023-12-29,93334.5
2023-12-30,284064.0
2023-12-31,246684.0
2024-01-01,206270.5
2024-01-02,453076.5
2024-01-03,322281.75
2024-01-04,757597.5
2024-01-05,774693.75
2024-01-06,843078.0
2024-01-07,789019.0
2024-01-08,932164.25
2024-01-09,1170379.25
2024-01-10,1306547.0
2024-01-11,1346653.25
2024-01-12,1288870.75
2024-01-13,753798.75
2024-01-14,585383.25
2024-01-15,840501.25
2024-01-16,1100106.75
2024-01-17,1222602.0
2024-01-18,1278879.0
2024-01-19,837661.75
2024-01-20,603817.25
2024-01-21,374277.25
2024-01-22,436115.25
2024-01-23,479468.5
2024-01-24,339623.5
2024-01-25,774780.25
2024-01-26,600156.5
2024-01-27,607843.5
2024-01-28,523892.0
2024-01-29,840159.5
2024-01-30,836989.5
2024-01-31,859720.25
2024-02-01,677834.25
2024-02-02,563051.25
2024-02-03,281232.5
2024-02-04,146310.75
2024-02-05,246821.5
2024-02-06,267849.25
2024-02-07,825638.75
2024-02-08,1149775.75
2024-02-09,758585.75
2024-02-10,832818.75
2024-02-11,683761.75
2024-02-12,984886.25
2024-02-13,817505.75
2024-02-14,863698.25
2024-02-15,916412.0
2024-02-16,728444.75
2024-02-17,802863.75
2024-02-18,527427.0
2024-02-19,669596.0
2024-02-20,784064.0
2024-02-21,674420.25
2024-02-22,620135.75
2024-02-23,567304.25
2024-02-24,661791.5
2024-02-25,671186.0
2024-02-26,973809.75
2024-02-27,1190123.0
2024-02-28,1181705.25
2024-02-29,782121.25
2024-03-01,916343.25
2024-03-02,635843.0
2024-03-03,566631.0
2024-03-04,1125866.75
2024-03-05,1079938.75
2024-03-06,1162557.0
2024-03-07,977873.25
2024-03-08,533499.25
2024-03-09,361144.25
2024-03-10,325153.5
2024-03-11,807425.0
2024-03-12,1177794.0
2024-03-13,1038467.0
2024-03-14,832317.0
2024-03-15,591030.25
2024-03-16,449333.25
2024-03-17,676841.5
2024-03-18,968893.0
2024-03-19,998313.0
2024-03-20,1081468.25
2024-03-21,909224.5
2024-03-22,748196.25
2024-03-23,458269.0
2024-03-24,208826.0
2024-03-25,814065.75
2024-03-26,709147.25
2024-03-27,908524.5
2024-03-28,586935.0
2024-03-29,412707.25
2024-03-30,644194.25
2024-03-31,524394.5
2024-04-01,568124.5
2024-04-02,333119.0
2024-04-03,846147.0
2024-04-04,509662.25
2024-04-05,450324.0
2024-04-06,362204.5
2024-04-07,358301.75
2024-04-08,839050.25
2024-04-09,596776.75
2024-04-10,727130.75
2024-04-11,686307.5
2024-04-12,666249.5
2024-04-13,366972.75
2024-04-14,289459.0
2024-04-15,648761.5
2024-04-16,600494.25
2024-04-17,1008026.5
2024-04-18,918419.75
2024-04-19,495687.25
2024-04-20,570207.0
2024-04-21,586588.75
2024-04-22,940023.5
2024-04-23,937301.5
2024-04-24,882016.0
2024-04-25,946744.5
2024-04-26,854733.5
2024-04-27,568648.25
2024-04-28,297017.75
2024-04-29,740939.75
2024-04-30,650703.0
2024-05-01,208201.75
2024-05-02,346306.75
2024-05-03,712478.75
2024-05-04,722631.25
2024-05-05,443658.25
2024-05-06,939191.5
2024-05-07,1001717.25
2024-05-08,956360.0
2024-05-09,609013.75
2024-05-10,689605.0
2024-05-11,555956.5
2024-05-12,314309.75
2024-05-13,483888.75
2024-05-14,386166.0
2024-05-15,456144.25
2024-05-16,549816.5
2024-05-17,598227.5
2024-05-18,629396.0
2024-05-19,573733.0
2024-05-20,507284.0
2024-05-21,615911.75
2024-05-22,740425.5
2024-05-23,786692.25
2024-05-24,852446.0
2024-05-25,601331.0
2024-05-26,520477.5
2024-05-27,800691.25
2024-05-28,765208.0
2024-05-29,664121.5
2024-05-30,767553.0
2024-05-31,803708.5
2024-06-01,558734.75
2024-06-02,422231.75
2024-06-03,879714.0
2024-06-04,822238.25
2024-06-05,649243.75
2024-06-06,715016.75
2024-06-07,729069.5
2024-06-08,394944.75
2024-06-09,352774.5
2024-06-10,661055.0
2024-06-11,494750.75
2024-06-12,672108.5
2024-06-13,792194.0
2024-06-14,712387.5
2024-06-15,285345.0
2024-06-16,363825.25
2024-06-17,798979.5
2024-06-18,892907.0
2024-06-19,878621.5
2024-06-20,890155.0
2024-06-21,896642.5
2024-06-22,424268.5
2024-06-23,555016.25
2024-06-24,767087.75
2024-06-25,665224.5
2024-06-26,755874.75
2024-06-27,851920.25
2024-06-28,601429.25
2024-06-29,585463.25
2024-06-30,575895.25
2024-07-01,795361.5
2024-07-02,781102.0
2024-07-03,866645.0
2024-07-04,486264.25
2024-07-05,475727.0
2024-07-06,266166.0
2024-07-07,372018.75
2024-07-08,730986.75
2024-07-09,629437.75
2024-07-10,843687.25
2024-07-11,862478.25
2024-07-12,755088.75
2024-07-13,431569.5
2024-07-14,409842.5
2024-07-15,658780.75
2024-07-16,584444.75
2024-07-17,660907.25
2024-07-18,837676.25
2024-07-19,795099.25
2024-07-20,537198.25
2024-07-21,531107.5
2024-07-22,714192.25
2024-07-23,757768.0
2024-07-24,705539.75
2024-07-25,769094.25
2024-07-26,818656.25
2024-07-27,790962.75
2024-07-28,452085.75
2024-07-29,628978.25
2024-07-30,729252.0
2024-07-31,824724.0
2024-08-01,919854.25
2024-08-02,903605.25
2024-08-03,668692.75
2024-08-04,519764.25
2024-08-05,828101.5
2024-08-06,778279.25
2024-08-07,868462.25
2024-08-08,873842.25
2024-08-09,495022.0
2024-08-10,439726.5
2024-08-11,517294.75
2024-08-12,720885.0
2024-08-13,685592.75
2024-08-14,867962.0
2024-08-15,808779.25
2024-08-16,752321.0
2024-08-17,766352.25
2024-08-18,756205.75
2024-08-19,860392.75
2024-08-20,760458.5
2024-08-21,491672.25
2024-08-22,527235.0
2024-08-23,356684.25
2024-08-24,378385.25
2024-08-25,353288.25
2024-08-26,743800.5
2024-08-27,771623.5
2024-08-28,719770.75
2024-08-29,826086.75
2024-08-30,892276.5
2024-08-31,517684.0
2024-09-01,360753.75
2024-09-02,773474.5
2024-09-03,962491.0
2024-09-04,1004624.0
2024-09-05,563084.5
2024-09-06,629285.5
2024-09-07,627886.0
2024-09-08,646430.25
2024-09-09,870440.75
2024-09-10,545878.75
2024-09-11,718406.75
2024-09-12,925983.0
2024-09-13,776944.25
2024-09-14,475770.5
2024-09-15,547985.75
2024-09-16,907808.25
2024-09-17,769374.75
2024-09-18,683651.25
2024-09-19,630777.25
2024-09-20,513593.25
2024-09-21,487869.0
2024-09-22,616268.5
2024-09-23,956247.0
2024-09-24,794258.5
2024-09-25,644811.25
2024-09-26,532427.25
2024-09-27,240245.25
2024-09-28,391147.5
2024-09-29,582386.25
2024-09-30,537332.0
2024-10-01,710808.25
2024-10-02,865065.75
2024-10-03,644212.75
2024-10-04,856444.25
2024-10-05,840453.5
2024-10-06,528884.0
2024-10-07,787604.25
2024-10-08,842136.75
2024-10-09,709002.5
2024-10-10,560283.75
2024-10-11,804420.0
2024-10-12,520435.25
2024-10-13,120293.25
2024-10-14,988367.75
2024-10-15,928583.25
2024-10-16,497367.0
2024-10-17,754465.75
2024-10-18,1047960.25
2024-10-19,802569.25
2024-10-20,515288.25
2024-10-21,777166.75
2024-10-22,859094.25
2024-10-23,1047352.75
2024-10-24,943894.25
2024-10-25,967844.25
2024-10-26,808560.5
2024-10-27,741224.0
2024-10-28,831536.75
2024-10-29,1050937.0
2024-10-30,1116500.75
2024-10-31,877363.5
2024-11-01,653850.0
2024-11-02,926570.25
2024-11-03,841771.0
2024-11-04,1139484.5
2024-11-05,1202904.25
2024-11-06,1370874.5
2024-11-07,1353773.75
2024-11-08,1112962.5
2024-11-09,1040359.0
2024-11-10,1047281.75
2024-11-11,1142224.0
2024-11-12,1266267.25
2024-11-13,1282439.0
2024-11-14,1055474.0
2024-11-15,1112463.0
2024-11-16,661280.75
2024-11-17,397622.75
2024-11-18,760974.75
2024-11-19,919864.25
2024-11-20,879579.5
2024-11-21,968037.75
2024-11-22,725584.75
2024-11-23,518462.0
2024-11-24,199177.0
2024-11-25,562641.75
2024-11-26,893195.25
2024-11-27,796635.25
2024-11-28,648076.0
2024-11-29,1143213.5
2024-11-30,730790.0
2024-12-01,769118.75
2024-12-02,908546.25
2024-12-03,1052129.0
2024-12-04,1301591.5
2024-12-05,845348.0
2024-12-06,688049.0
2024-12-07,610785.75
2024-12-08,774669.25
2024-12-09,788889.75
2024-12-10,1087800.5
2024-12-11,1425075.5
2024-12-12,1411589.0
2024-12-13,1280781.25
2024-12-14,784592.5
2024-12-15,333381.0
2024-12-16,381096.25
2024-12-17,765562.0
2024-12-18,442971.25
2024-12-19,349666.0
2024-12-20,480680.75
2024-12-21,230113.25
2024-12-22,356183.75
2024-12-23,483749.75
2024-12-24,791685.25
2024-12-25,828199.25
2024-12-26,917304.25
2024-12-27,1044582.25
2024-12-28,1035781.25
2024-12-29,784750.25
2024-12-30,659823.5
2024-12-31,556833.75
